<?xml version="1.0" encoding="UTF-8"?>
<gpx creator="StravaGPX" version="1.1" xmlns="http://www.topografix.com/GPX/1/1" xmlns:xsi="http://www.w3.org/2001/XMLSchema-instance" xsi:schemaLocation="http://www.topografix.com/GPX/1/1 http://www.topografix.com/GPX/1/1/gpx.xsd">
 <metadata>
  <name>35km LA MISION BRASIL 2025</name>
  <author>
   <name>Felipe Desiderio</name>
  </author>
  <copyright author="OpenStreetMap contributors">
   <year>2020</year>
   <license>https://www.openstreetmap.org/copyright</license>
  </copyright>
 </metadata>
 <trk>
  <name>35km LA MISION BRASIL 2025</name>
  <link href=""/>
  <type>trail_running</type>
  <trkseg>
   <trkpt lat="-22.39048" lon="-44.9662">
    <ele>923.09</ele>
   </trkpt>
   <trkpt lat="-22.39074" lon="-44.96605">
    <ele>923.0400000000001</ele>
   </trkpt>
   <trkpt lat="-22.390860000000004" lon="-44.966010000000004">
    <ele>923.0400000000001</ele>
   </trkpt>
   <trkpt lat="-22.3911" lon="-44.96598">
    <ele>923.0600000000001</ele>
   </trkpt>
   <trkpt lat="-22.39138" lon="-44.96598">
    <ele>923.21</ele>
   </trkpt>
   <trkpt lat="-22.39176" lon="-44.966010000000004">
    <ele>923.2600000000001</ele>
   </trkpt>
   <trkpt lat="-22.39166500137792" lon="-44.965339999529355">
    <ele>922.07</ele>
   </trkpt>
   <trkpt lat="-22.39157" lon="-44.964670000000005">
    <ele>921.34</ele>
   </trkpt>
   <trkpt lat="-22.392354999971694" lon="-44.96450500095496">
    <ele>921.7</ele>
   </trkpt>
   <trkpt lat="-22.393140000000002" lon="-44.96434000000001">
    <ele>922.0300000000001</ele>
   </trkpt>
   <trkpt lat="-22.39273" lon="-44.96401">
    <ele>921.94</ele>
   </trkpt>
   <trkpt lat="-22.39307" lon="-44.963480000000004">
    <ele>921.1300000000001</ele>
   </trkpt>
   <trkpt lat="-22.39233" lon="-44.96307">
    <ele>922.6700000000001</ele>
   </trkpt>
   <trkpt lat="-22.391900000000003" lon="-44.962700000000005">
    <ele>926.6700000000001</ele>
   </trkpt>
   <trkpt lat="-22.391360000000002" lon="-44.96251">
    <ele>925.34</ele>
   </trkpt>
   <trkpt lat="-22.39103" lon="-44.96244">
    <ele>925.34</ele>
   </trkpt>
   <trkpt lat="-22.390710000000002" lon="-44.96242">
    <ele>924.8000000000001</ele>
   </trkpt>
   <trkpt lat="-22.390140000000002" lon="-44.96247">
    <ele>924.36</ele>
   </trkpt>
   <trkpt lat="-22.38979" lon="-44.962610000000005">
    <ele>924.46</ele>
   </trkpt>
   <trkpt lat="-22.38954" lon="-44.96222">
    <ele>926.45</ele>
   </trkpt>
   <trkpt lat="-22.389390000000002" lon="-44.96175">
    <ele>931.0500000000001</ele>
   </trkpt>
   <trkpt lat="-22.38933" lon="-44.96119">
    <ele>934.33</ele>
   </trkpt>
   <trkpt lat="-22.38916" lon="-44.96065">
    <ele>940.95</ele>
   </trkpt>
   <trkpt lat="-22.38913" lon="-44.96041">
    <ele>942.74</ele>
   </trkpt>
   <trkpt lat="-22.38914" lon="-44.9602">
    <ele>944.83</ele>
   </trkpt>
   <trkpt lat="-22.389200000000002" lon="-44.96">
    <ele>946.8700000000001</ele>
   </trkpt>
   <trkpt lat="-22.38916" lon="-44.95973">
    <ele>948.46</ele>
   </trkpt>
   <trkpt lat="-22.389110000000002" lon="-44.95902">
    <ele>952.21</ele>
   </trkpt>
   <trkpt lat="-22.389110000000002" lon="-44.95879">
    <ele>953.5600000000001</ele>
   </trkpt>
   <trkpt lat="-22.38914" lon="-44.95872000000001">
    <ele>954.4</ele>
   </trkpt>
   <trkpt lat="-22.38914" lon="-44.95871">
    <ele>954.4</ele>
   </trkpt>
   <trkpt lat="-22.38934" lon="-44.9583">
    <ele>961.7200000000001</ele>
   </trkpt>
   <trkpt lat="-22.39001" lon="-44.957750000000004">
    <ele>975.9200000000001</ele>
   </trkpt>
   <trkpt lat="-22.39016" lon="-44.95774">
    <ele>975.9200000000001</ele>
   </trkpt>
   <trkpt lat="-22.390330000000002" lon="-44.95783">
    <ele>979.11</ele>
   </trkpt>
   <trkpt lat="-22.390810000000002" lon="-44.95832">
    <ele>989.6400000000001</ele>
   </trkpt>
   <trkpt lat="-22.39084" lon="-44.95844">
    <ele>989.6400000000001</ele>
   </trkpt>
   <trkpt lat="-22.390700000000002" lon="-44.95866">
    <ele>992.5300000000001</ele>
   </trkpt>
   <trkpt lat="-22.390330000000002" lon="-44.95909">
    <ele>994.22</ele>
   </trkpt>
   <trkpt lat="-22.39026" lon="-44.95931">
    <ele>995.0500000000001</ele>
   </trkpt>
   <trkpt lat="-22.390340000000002" lon="-44.95951">
    <ele>995.7300000000001</ele>
   </trkpt>
   <trkpt lat="-22.390520000000002" lon="-44.95967">
    <ele>997.44</ele>
   </trkpt>
   <trkpt lat="-22.39066" lon="-44.959630000000004">
    <ele>999.59</ele>
   </trkpt>
   <trkpt lat="-22.39091" lon="-44.958870000000005">
    <ele>1006.3</ele>
   </trkpt>
   <trkpt lat="-22.391080000000002" lon="-44.95864">
    <ele>1008.4300000000002</ele>
   </trkpt>
   <trkpt lat="-22.391280000000002" lon="-44.95853">
    <ele>1009.5899999999999</ele>
   </trkpt>
   <trkpt lat="-22.39186" lon="-44.95857">
    <ele>1013.4000000000001</ele>
   </trkpt>
   <trkpt lat="-22.39206" lon="-44.958420000000004">
    <ele>1014.48</ele>
   </trkpt>
   <trkpt lat="-22.392080000000004" lon="-44.958400000000005">
    <ele>1014.48</ele>
   </trkpt>
   <trkpt lat="-22.39226" lon="-44.958040000000004">
    <ele>1016.95</ele>
   </trkpt>
   <trkpt lat="-22.39244" lon="-44.95765">
    <ele>1021.22</ele>
   </trkpt>
   <trkpt lat="-22.39251" lon="-44.95671">
    <ele>1027.18</ele>
   </trkpt>
   <trkpt lat="-22.392490000000002" lon="-44.95624">
    <ele>1031.45</ele>
   </trkpt>
   <trkpt lat="-22.392400000000002" lon="-44.955780000000004">
    <ele>1033.95</ele>
   </trkpt>
   <trkpt lat="-22.392380000000003" lon="-44.95546">
    <ele>1037.2</ele>
   </trkpt>
   <trkpt lat="-22.39215" lon="-44.95488">
    <ele>1042.78</ele>
   </trkpt>
   <trkpt lat="-22.39207" lon="-44.954460000000005">
    <ele>1047.2700000000002</ele>
   </trkpt>
   <trkpt lat="-22.392120000000002" lon="-44.95425">
    <ele>1049.0400000000002</ele>
   </trkpt>
   <trkpt lat="-22.39223" lon="-44.954190000000004">
    <ele>1050.0</ele>
   </trkpt>
   <trkpt lat="-22.392400000000002" lon="-44.95416">
    <ele>1050.0</ele>
   </trkpt>
   <trkpt lat="-22.3927" lon="-44.95425">
    <ele>1052.21</ele>
   </trkpt>
   <trkpt lat="-22.392950000000003" lon="-44.95427">
    <ele>1054.54</ele>
   </trkpt>
   <trkpt lat="-22.393240000000002" lon="-44.95425">
    <ele>1056.5200000000002</ele>
   </trkpt>
   <trkpt lat="-22.39339" lon="-44.95436">
    <ele>1059.0300000000002</ele>
   </trkpt>
   <trkpt lat="-22.393800000000002" lon="-44.95476">
    <ele>1061.76</ele>
   </trkpt>
   <trkpt lat="-22.39395" lon="-44.95485">
    <ele>1062.54</ele>
   </trkpt>
   <trkpt lat="-22.394090000000002" lon="-44.95483">
    <ele>1062.54</ele>
   </trkpt>
   <trkpt lat="-22.39414" lon="-44.95467">
    <ele>1063.29</ele>
   </trkpt>
   <trkpt lat="-22.39404" lon="-44.95440000000001">
    <ele>1065.0300000000002</ele>
   </trkpt>
   <trkpt lat="-22.39414" lon="-44.95378">
    <ele>1067.25</ele>
   </trkpt>
   <trkpt lat="-22.3943" lon="-44.95329">
    <ele>1068.9</ele>
   </trkpt>
   <trkpt lat="-22.394920000000003" lon="-44.95302">
    <ele>1069.98</ele>
   </trkpt>
   <trkpt lat="-22.395010000000003" lon="-44.95248">
    <ele>1072.17</ele>
   </trkpt>
   <trkpt lat="-22.394930000000002" lon="-44.9523">
    <ele>1073.45</ele>
   </trkpt>
   <trkpt lat="-22.39508" lon="-44.95192">
    <ele>1075.8100000000002</ele>
   </trkpt>
   <trkpt lat="-22.39508" lon="-44.9517">
    <ele>1076.71</ele>
   </trkpt>
   <trkpt lat="-22.394840000000002" lon="-44.95136">
    <ele>1081.58</ele>
   </trkpt>
   <trkpt lat="-22.394830000000002" lon="-44.95107">
    <ele>1083.4099999999999</ele>
   </trkpt>
   <trkpt lat="-22.395220000000002" lon="-44.9506">
    <ele>1087.94</ele>
   </trkpt>
   <trkpt lat="-22.395860000000003" lon="-44.95027">
    <ele>1094.44</ele>
   </trkpt>
   <trkpt lat="-22.396160000000002" lon="-44.950160000000004">
    <ele>1096.53</ele>
   </trkpt>
   <trkpt lat="-22.396430000000002" lon="-44.94997">
    <ele>1099.1200000000001</ele>
   </trkpt>
   <trkpt lat="-22.39657" lon="-44.94912">
    <ele>1110.05</ele>
   </trkpt>
   <trkpt lat="-22.396600000000003" lon="-44.948780000000006">
    <ele>1114.16</ele>
   </trkpt>
   <trkpt lat="-22.396600000000003" lon="-44.94876000000001">
    <ele>1114.38</ele>
   </trkpt>
   <trkpt lat="-22.39658" lon="-44.948570000000004">
    <ele>1117.76</ele>
   </trkpt>
   <trkpt lat="-22.39645" lon="-44.94825">
    <ele>1116.8</ele>
   </trkpt>
   <trkpt lat="-22.396250000000002" lon="-44.94796">
    <ele>1115.51</ele>
   </trkpt>
   <trkpt lat="-22.395660000178342" lon="-44.947803332011034">
    <ele>1110.7</ele>
   </trkpt>
   <trkpt lat="-22.39507000020577" lon="-44.94764666535168">
    <ele>1099.69</ele>
   </trkpt>
   <trkpt lat="-22.39448" lon="-44.94749">
    <ele>1083.8000000000002</ele>
   </trkpt>
   <trkpt lat="-22.394095000479428" lon="-44.94714499914654">
    <ele>1072.24</ele>
   </trkpt>
   <trkpt lat="-22.393710000000002" lon="-44.9468">
    <ele>1060.95</ele>
   </trkpt>
   <trkpt lat="-22.393230000000003" lon="-44.94673">
    <ele>1047.45</ele>
   </trkpt>
   <trkpt lat="-22.39272" lon="-44.94677">
    <ele>1039.8500000000001</ele>
   </trkpt>
   <trkpt lat="-22.392144999965975" lon="-44.94691000060183">
    <ele>1031.86</ele>
   </trkpt>
   <trkpt lat="-22.39157" lon="-44.947050000000004">
    <ele>1024.0200000000002</ele>
   </trkpt>
   <trkpt lat="-22.390710000000002" lon="-44.946960000000004">
    <ele>1004.1900000000002</ele>
   </trkpt>
   <trkpt lat="-22.39026" lon="-44.94697">
    <ele>995.2</ele>
   </trkpt>
   <trkpt lat="-22.389860000000002" lon="-44.94715">
    <ele>990.5100000000001</ele>
   </trkpt>
   <trkpt lat="-22.389310000000002" lon="-44.94709">
    <ele>985.46</ele>
   </trkpt>
   <trkpt lat="-22.389380000000003" lon="-44.94702">
    <ele>985.3000000000001</ele>
   </trkpt>
   <trkpt lat="-22.38923" lon="-44.9468">
    <ele>985.3100000000001</ele>
   </trkpt>
   <trkpt lat="-22.38904" lon="-44.94633">
    <ele>986.32</ele>
   </trkpt>
   <trkpt lat="-22.38905" lon="-44.946310000000004">
    <ele>986.32</ele>
   </trkpt>
   <trkpt lat="-22.38905" lon="-44.946340000000006">
    <ele>986.32</ele>
   </trkpt>
   <trkpt lat="-22.38932" lon="-44.94554">
    <ele>991.7900000000001</ele>
   </trkpt>
   <trkpt lat="-22.389480000000002" lon="-44.94498">
    <ele>993.8500000000001</ele>
   </trkpt>
   <trkpt lat="-22.39018" lon="-44.94462">
    <ele>1002.0900000000001</ele>
   </trkpt>
   <trkpt lat="-22.390975000426746" lon="-44.94425500207858">
    <ele>1011.0600000000001</ele>
   </trkpt>
   <trkpt lat="-22.39177" lon="-44.94389">
    <ele>1016.1</ele>
   </trkpt>
   <trkpt lat="-22.39242" lon="-44.94433">
    <ele>1031.43</ele>
   </trkpt>
   <trkpt lat="-22.39282" lon="-44.94465">
    <ele>1039.4</ele>
   </trkpt>
   <trkpt lat="-22.39345500008449" lon="-44.94460500019995">
    <ele>1053.2400000000002</ele>
   </trkpt>
   <trkpt lat="-22.394090000000002" lon="-44.94456">
    <ele>1069.35</ele>
   </trkpt>
   <trkpt lat="-22.394750000000002" lon="-44.94444">
    <ele>1086.21</ele>
   </trkpt>
   <trkpt lat="-22.395030000000002" lon="-44.944720000000004">
    <ele>1094.5200000000002</ele>
   </trkpt>
   <trkpt lat="-22.395680000000002" lon="-44.944770000000005">
    <ele>1098.0</ele>
   </trkpt>
   <trkpt lat="-22.395870000000002" lon="-44.944610000000004">
    <ele>1093.26</ele>
   </trkpt>
   <trkpt lat="-22.395840000000003" lon="-44.944520000000004">
    <ele>1091.9800000000002</ele>
   </trkpt>
   <trkpt lat="-22.39591" lon="-44.94445">
    <ele>1092.53</ele>
   </trkpt>
   <trkpt lat="-22.39608" lon="-44.94453">
    <ele>1095.4400000000003</ele>
   </trkpt>
   <trkpt lat="-22.39618" lon="-44.94453">
    <ele>1096.56</ele>
   </trkpt>
   <trkpt lat="-22.39626" lon="-44.944480000000006">
    <ele>1097.94</ele>
   </trkpt>
   <trkpt lat="-22.396340000000002" lon="-44.944410000000005">
    <ele>1099.7400000000002</ele>
   </trkpt>
   <trkpt lat="-22.39647" lon="-44.94426000000001">
    <ele>1101.88</ele>
   </trkpt>
   <trkpt lat="-22.39664" lon="-44.943760000000005">
    <ele>1111.68</ele>
   </trkpt>
   <trkpt lat="-22.396720000000002" lon="-44.94368">
    <ele>1114.1000000000001</ele>
   </trkpt>
   <trkpt lat="-22.396900000000002" lon="-44.94362">
    <ele>1115.58</ele>
   </trkpt>
   <trkpt lat="-22.397000000000002" lon="-44.943630000000006">
    <ele>1115.6200000000001</ele>
   </trkpt>
   <trkpt lat="-22.397170000000003" lon="-44.943690000000004">
    <ele>1114.7900000000002</ele>
   </trkpt>
   <trkpt lat="-22.397440000000003" lon="-44.943580000000004">
    <ele>1115.28</ele>
   </trkpt>
   <trkpt lat="-22.397540000000003" lon="-44.943560000000005">
    <ele>1115.9</ele>
   </trkpt>
   <trkpt lat="-22.397720000000003" lon="-44.943580000000004">
    <ele>1113.99</ele>
   </trkpt>
   <trkpt lat="-22.3978" lon="-44.94364">
    <ele>1112.6</ele>
   </trkpt>
   <trkpt lat="-22.39789" lon="-44.94361000000001">
    <ele>1112.15</ele>
   </trkpt>
   <trkpt lat="-22.398120000000002" lon="-44.94346">
    <ele>1114.75</ele>
   </trkpt>
   <trkpt lat="-22.39833" lon="-44.943250000000006">
    <ele>1119.3000000000002</ele>
   </trkpt>
   <trkpt lat="-22.398370000000003" lon="-44.94315">
    <ele>1120.88</ele>
   </trkpt>
   <trkpt lat="-22.398390000000003" lon="-44.94294000000001">
    <ele>1125.8300000000002</ele>
   </trkpt>
   <trkpt lat="-22.39835" lon="-44.942840000000004">
    <ele>1128.66</ele>
   </trkpt>
   <trkpt lat="-22.398390000000003" lon="-44.942510000000006">
    <ele>1132.26</ele>
   </trkpt>
   <trkpt lat="-22.39836" lon="-44.942310000000006">
    <ele>1133.22</ele>
   </trkpt>
   <trkpt lat="-22.39843" lon="-44.94201">
    <ele>1134.7800000000002</ele>
   </trkpt>
   <trkpt lat="-22.398580000000003" lon="-44.941750000000006">
    <ele>1137.46</ele>
   </trkpt>
   <trkpt lat="-22.398650000000004" lon="-44.941700000000004">
    <ele>1136.56</ele>
   </trkpt>
   <trkpt lat="-22.39879" lon="-44.94156">
    <ele>1137.7400000000002</ele>
   </trkpt>
   <trkpt lat="-22.39882" lon="-44.94145">
    <ele>1140.8700000000001</ele>
   </trkpt>
   <trkpt lat="-22.398870000000002" lon="-44.94136">
    <ele>1142.98</ele>
   </trkpt>
   <trkpt lat="-22.398950000000003" lon="-44.941280000000006">
    <ele>1144.92</ele>
   </trkpt>
   <trkpt lat="-22.399040000000003" lon="-44.941100000000006">
    <ele>1148.94</ele>
   </trkpt>
   <trkpt lat="-22.399050000000003" lon="-44.941">
    <ele>1150.3300000000002</ele>
   </trkpt>
   <trkpt lat="-22.399130000000003" lon="-44.940810000000006">
    <ele>1153.01</ele>
   </trkpt>
   <trkpt lat="-22.399130000000003" lon="-44.940690000000004">
    <ele>1154.44</ele>
   </trkpt>
   <trkpt lat="-22.3991" lon="-44.94059">
    <ele>1155.58</ele>
   </trkpt>
   <trkpt lat="-22.399050000000003" lon="-44.94051">
    <ele>1157.54</ele>
   </trkpt>
   <trkpt lat="-22.399040000000003" lon="-44.940400000000004">
    <ele>1158.16</ele>
   </trkpt>
   <trkpt lat="-22.3991" lon="-44.940180000000005">
    <ele>1158.26</ele>
   </trkpt>
   <trkpt lat="-22.3991" lon="-44.939870000000006">
    <ele>1161.41</ele>
   </trkpt>
   <trkpt lat="-22.399130000000003" lon="-44.93977">
    <ele>1162.66</ele>
   </trkpt>
   <trkpt lat="-22.39928" lon="-44.939510000000006">
    <ele>1169.0800000000002</ele>
   </trkpt>
   <trkpt lat="-22.399350000000002" lon="-44.939440000000005">
    <ele>1170.46</ele>
   </trkpt>
   <trkpt lat="-22.399440000000002" lon="-44.93938000000001">
    <ele>1170.26</ele>
   </trkpt>
   <trkpt lat="-22.39957" lon="-44.93921">
    <ele>1171.51</ele>
   </trkpt>
   <trkpt lat="-22.399600000000003" lon="-44.93912">
    <ele>1173.75</ele>
   </trkpt>
   <trkpt lat="-22.39967" lon="-44.93905">
    <ele>1175.22</ele>
   </trkpt>
   <trkpt lat="-22.39967" lon="-44.938950000000006">
    <ele>1178.0300000000002</ele>
   </trkpt>
   <trkpt lat="-22.399630000000002" lon="-44.938860000000005">
    <ele>1181.39</ele>
   </trkpt>
   <trkpt lat="-22.399620000000002" lon="-44.93876">
    <ele>1185.84</ele>
   </trkpt>
   <trkpt lat="-22.39964" lon="-44.938550000000006">
    <ele>1192.3700000000001</ele>
   </trkpt>
   <trkpt lat="-22.39973" lon="-44.93826000000001">
    <ele>1200.66</ele>
   </trkpt>
   <trkpt lat="-22.399680000000004" lon="-44.93817000000001">
    <ele>1202.28</ele>
   </trkpt>
   <trkpt lat="-22.399720000000002" lon="-44.93808000000001">
    <ele>1204.49</ele>
   </trkpt>
   <trkpt lat="-22.399720000000002" lon="-44.93798">
    <ele>1208.18</ele>
   </trkpt>
   <trkpt lat="-22.39975" lon="-44.93788000000001">
    <ele>1210.82</ele>
   </trkpt>
   <trkpt lat="-22.39976" lon="-44.937780000000004">
    <ele>1213.87</ele>
   </trkpt>
   <trkpt lat="-22.399910000000002" lon="-44.9371">
    <ele>1239.0800000000002</ele>
   </trkpt>
   <trkpt lat="-22.399990000000003" lon="-44.936910000000005">
    <ele>1248.95</ele>
   </trkpt>
   <trkpt lat="-22.399990000000003" lon="-44.936690000000006">
    <ele>1261.3700000000001</ele>
   </trkpt>
   <trkpt lat="-22.40001" lon="-44.936490000000006">
    <ele>1270.21</ele>
   </trkpt>
   <trkpt lat="-22.400070000000003" lon="-44.9363">
    <ele>1281.4</ele>
   </trkpt>
   <trkpt lat="-22.400070000000003" lon="-44.93620000000001">
    <ele>1285.0000000000002</ele>
   </trkpt>
   <trkpt lat="-22.39992" lon="-44.93551">
    <ele>1312.1100000000001</ele>
   </trkpt>
   <trkpt lat="-22.39995" lon="-44.935210000000005">
    <ele>1320.69</ele>
   </trkpt>
   <trkpt lat="-22.39994" lon="-44.93511">
    <ele>1323.56</ele>
   </trkpt>
   <trkpt lat="-22.399970000000003" lon="-44.93489">
    <ele>1327.52</ele>
   </trkpt>
   <trkpt lat="-22.39996" lon="-44.93479000000001">
    <ele>1328.0900000000001</ele>
   </trkpt>
   <trkpt lat="-22.399900000000002" lon="-44.934490000000004">
    <ele>1332.57</ele>
   </trkpt>
   <trkpt lat="-22.39977" lon="-44.93421">
    <ele>1341.2</ele>
   </trkpt>
   <trkpt lat="-22.399710000000002" lon="-44.934020000000004">
    <ele>1347.5300000000002</ele>
   </trkpt>
   <trkpt lat="-22.399590000000003" lon="-44.93375">
    <ele>1353.7700000000002</ele>
   </trkpt>
   <trkpt lat="-22.39955" lon="-44.933550000000004">
    <ele>1357.13</ele>
   </trkpt>
   <trkpt lat="-22.399440000000002" lon="-44.93338000000001">
    <ele>1361.8700000000001</ele>
   </trkpt>
   <trkpt lat="-22.399350000000002" lon="-44.93339">
    <ele>1363.58</ele>
   </trkpt>
   <trkpt lat="-22.399070000000002" lon="-44.933440000000004">
    <ele>1368.92</ele>
   </trkpt>
   <trkpt lat="-22.398400000000002" lon="-44.933640000000004">
    <ele>1364.66</ele>
   </trkpt>
   <trkpt lat="-22.397560000000002" lon="-44.93381">
    <ele>1346.4</ele>
   </trkpt>
   <trkpt lat="-22.397460000000002" lon="-44.93385000000001">
    <ele>1343.25</ele>
   </trkpt>
   <trkpt lat="-22.39733" lon="-44.934000000000005">
    <ele>1336.14</ele>
   </trkpt>
   <trkpt lat="-22.39692" lon="-44.93406">
    <ele>1320.01</ele>
   </trkpt>
   <trkpt lat="-22.39674" lon="-44.93412000000001">
    <ele>1312.24</ele>
   </trkpt>
   <trkpt lat="-22.39666" lon="-44.934180000000005">
    <ele>1307.53</ele>
   </trkpt>
   <trkpt lat="-22.396340000000002" lon="-44.93422">
    <ele>1297.9900000000002</ele>
   </trkpt>
   <trkpt lat="-22.395960000000002" lon="-44.934340000000006">
    <ele>1287.8</ele>
   </trkpt>
   <trkpt lat="-22.395880000000002" lon="-44.934400000000004">
    <ele>1284.8400000000001</ele>
   </trkpt>
   <trkpt lat="-22.39579" lon="-44.93439">
    <ele>1281.63</ele>
   </trkpt>
   <trkpt lat="-22.39561" lon="-44.934470000000005">
    <ele>1277.89</ele>
   </trkpt>
   <trkpt lat="-22.39534" lon="-44.934560000000005">
    <ele>1269.89</ele>
   </trkpt>
   <trkpt lat="-22.39496" lon="-44.93470000000001">
    <ele>1258.91</ele>
   </trkpt>
   <trkpt lat="-22.39487" lon="-44.93471">
    <ele>1256.91</ele>
   </trkpt>
   <trkpt lat="-22.39467" lon="-44.93477">
    <ele>1251.89</ele>
   </trkpt>
   <trkpt lat="-22.394370000000002" lon="-44.934810000000006">
    <ele>1241.84</ele>
   </trkpt>
   <trkpt lat="-22.394190000000002" lon="-44.93488000000001">
    <ele>1234.2600000000002</ele>
   </trkpt>
   <trkpt lat="-22.393970000000003" lon="-44.93489">
    <ele>1225.14</ele>
   </trkpt>
   <trkpt lat="-22.393880000000003" lon="-44.934920000000005">
    <ele>1221.5500000000002</ele>
   </trkpt>
   <trkpt lat="-22.39382" lon="-44.934990000000006">
    <ele>1221.5200000000002</ele>
   </trkpt>
   <trkpt lat="-22.39373" lon="-44.93504">
    <ele>1215.3200000000002</ele>
   </trkpt>
   <trkpt lat="-22.39363" lon="-44.935030000000005">
    <ele>1215.3200000000002</ele>
   </trkpt>
   <trkpt lat="-22.393530000000002" lon="-44.93504">
    <ele>1212.53</ele>
   </trkpt>
   <trkpt lat="-22.393320000000003" lon="-44.935140000000004">
    <ele>1208.48</ele>
   </trkpt>
   <trkpt lat="-22.39272" lon="-44.935320000000004">
    <ele>1188.32</ele>
   </trkpt>
   <trkpt lat="-22.39235" lon="-44.935480000000005">
    <ele>1179.28</ele>
   </trkpt>
   <trkpt lat="-22.391930000000002" lon="-44.9356">
    <ele>1169.15</ele>
   </trkpt>
   <trkpt lat="-22.3916" lon="-44.935660000000006">
    <ele>1157.55</ele>
   </trkpt>
   <trkpt lat="-22.391000000000002" lon="-44.93591000000001">
    <ele>1144.98</ele>
   </trkpt>
   <trkpt lat="-22.390680000000003" lon="-44.935990000000004">
    <ele>1135.96</ele>
   </trkpt>
   <trkpt lat="-22.38991" lon="-44.93627">
    <ele>1127.6000000000001</ele>
   </trkpt>
   <trkpt lat="-22.389390000000002" lon="-44.93638000000001">
    <ele>1124.9900000000002</ele>
   </trkpt>
   <trkpt lat="-22.389120000000002" lon="-44.93647000000001">
    <ele>1121.5700000000002</ele>
   </trkpt>
   <trkpt lat="-22.388540000000003" lon="-44.93663">
    <ele>1112.1000000000001</ele>
   </trkpt>
   <trkpt lat="-22.388270000000002" lon="-44.936730000000004">
    <ele>1107.17</ele>
   </trkpt>
   <trkpt lat="-22.387950000000004" lon="-44.93681">
    <ele>1101.28</ele>
   </trkpt>
   <trkpt lat="-22.387770000000003" lon="-44.93688">
    <ele>1096.2200000000003</ele>
   </trkpt>
   <trkpt lat="-22.387680000000003" lon="-44.93683">
    <ele>1092.95</ele>
   </trkpt>
   <trkpt lat="-22.38755" lon="-44.93667000000001">
    <ele>1086.8200000000002</ele>
   </trkpt>
   <trkpt lat="-22.38746" lon="-44.93663">
    <ele>1082.51</ele>
   </trkpt>
   <trkpt lat="-22.38736" lon="-44.93665">
    <ele>1080.6200000000001</ele>
   </trkpt>
   <trkpt lat="-22.38717" lon="-44.936780000000006">
    <ele>1078.3500000000001</ele>
   </trkpt>
   <trkpt lat="-22.386960000000002" lon="-44.93699">
    <ele>1075.63</ele>
   </trkpt>
   <trkpt lat="-22.38671" lon="-44.93757">
    <ele>1065.26</ele>
   </trkpt>
   <trkpt lat="-22.3866" lon="-44.93775">
    <ele>1064.03</ele>
   </trkpt>
   <trkpt lat="-22.386460000000003" lon="-44.93793">
    <ele>1061.7800000000002</ele>
   </trkpt>
   <trkpt lat="-22.38615" lon="-44.93824">
    <ele>1052.0200000000002</ele>
   </trkpt>
   <trkpt lat="-22.38595" lon="-44.938480000000006">
    <ele>1051.15</ele>
   </trkpt>
   <trkpt lat="-22.38586" lon="-44.938550000000006">
    <ele>1052.94</ele>
   </trkpt>
   <trkpt lat="-22.38575" lon="-44.938590000000005">
    <ele>1053.4800000000002</ele>
   </trkpt>
   <trkpt lat="-22.38556" lon="-44.93863">
    <ele>1052.03</ele>
   </trkpt>
   <trkpt lat="-22.385250000000003" lon="-44.93865">
    <ele>1045.3000000000002</ele>
   </trkpt>
   <trkpt lat="-22.385150000000003" lon="-44.93869">
    <ele>1042.99</ele>
   </trkpt>
   <trkpt lat="-22.385060000000003" lon="-44.93876">
    <ele>1041.3300000000002</ele>
   </trkpt>
   <trkpt lat="-22.384770000000003" lon="-44.9391">
    <ele>1037.6100000000001</ele>
   </trkpt>
   <trkpt lat="-22.384520000000002" lon="-44.939080000000004">
    <ele>1030.6399999999999</ele>
   </trkpt>
   <trkpt lat="-22.38421500175806" lon="-44.93982500150494">
    <ele>1021.4300000000001</ele>
   </trkpt>
   <trkpt lat="-22.38391" lon="-44.94057">
    <ele>1013.83</ele>
   </trkpt>
   <trkpt lat="-22.38388" lon="-44.94107">
    <ele>1010.2800000000001</ele>
   </trkpt>
   <trkpt lat="-22.38359" lon="-44.94145">
    <ele>1003.7800000000001</ele>
   </trkpt>
   <trkpt lat="-22.383390000000002" lon="-44.94212">
    <ele>997.7300000000001</ele>
   </trkpt>
   <trkpt lat="-22.38322500070033" lon="-44.942590000496">
    <ele>991.84</ele>
   </trkpt>
   <trkpt lat="-22.38306" lon="-44.94306">
    <ele>987.3100000000001</ele>
   </trkpt>
   <trkpt lat="-22.38293" lon="-44.94382">
    <ele>980.6700000000001</ele>
   </trkpt>
   <trkpt lat="-22.382640000000002" lon="-44.94449">
    <ele>976.7800000000001</ele>
   </trkpt>
   <trkpt lat="-22.38237" lon="-44.94525">
    <ele>969.9000000000001</ele>
   </trkpt>
   <trkpt lat="-22.382170000000002" lon="-44.945660000000004">
    <ele>967.85</ele>
   </trkpt>
   <trkpt lat="-22.381790000000002" lon="-44.94588">
    <ele>965.95</ele>
   </trkpt>
   <trkpt lat="-22.381610000000002" lon="-44.94595">
    <ele>962.0200000000001</ele>
   </trkpt>
   <trkpt lat="-22.38137" lon="-44.94619">
    <ele>960.6600000000001</ele>
   </trkpt>
   <trkpt lat="-22.381330000000002" lon="-44.94671">
    <ele>956.22</ele>
   </trkpt>
   <trkpt lat="-22.38127" lon="-44.94702">
    <ele>954.2700000000001</ele>
   </trkpt>
   <trkpt lat="-22.381120000693937" lon="-44.947490000458984">
    <ele>951.86</ele>
   </trkpt>
   <trkpt lat="-22.38097" lon="-44.94796">
    <ele>947.09</ele>
   </trkpt>
   <trkpt lat="-22.380950000000002" lon="-44.94843">
    <ele>941.73</ele>
   </trkpt>
   <trkpt lat="-22.38091" lon="-44.94872">
    <ele>939.6700000000001</ele>
   </trkpt>
   <trkpt lat="-22.381374999899645" lon="-44.94856000059631">
    <ele>941.7200000000001</ele>
   </trkpt>
   <trkpt lat="-22.38184" lon="-44.94840000000001">
    <ele>944.71</ele>
   </trkpt>
   <trkpt lat="-22.382440000000003" lon="-44.94841">
    <ele>946.49</ele>
   </trkpt>
   <trkpt lat="-22.38314" lon="-44.948370000000004">
    <ele>947.2900000000001</ele>
   </trkpt>
   <trkpt lat="-22.38362" lon="-44.94868">
    <ele>955.7200000000001</ele>
   </trkpt>
   <trkpt lat="-22.384050000000002" lon="-44.94883">
    <ele>968.19</ele>
   </trkpt>
   <trkpt lat="-22.3841" lon="-44.94906">
    <ele>979.07</ele>
   </trkpt>
   <trkpt lat="-22.383950000000002" lon="-44.94948">
    <ele>994.7300000000001</ele>
   </trkpt>
   <trkpt lat="-22.38411500096836" lon="-44.950019999596265">
    <ele>1016.4600000000002</ele>
   </trkpt>
   <trkpt lat="-22.38428" lon="-44.95056">
    <ele>1027.94</ele>
   </trkpt>
   <trkpt lat="-22.384510000000002" lon="-44.95071">
    <ele>1030.3500000000001</ele>
   </trkpt>
   <trkpt lat="-22.384840001110607" lon="-44.95132499844488">
    <ele>1039.39</ele>
   </trkpt>
   <trkpt lat="-22.385170000000002" lon="-44.95194">
    <ele>1051.72</ele>
   </trkpt>
   <trkpt lat="-22.38549" lon="-44.95237">
    <ele>1075.13</ele>
   </trkpt>
   <trkpt lat="-22.38548" lon="-44.95257">
    <ele>1081.48</ele>
   </trkpt>
   <trkpt lat="-22.385950000283607" lon="-44.95284999907939">
    <ele>1106.95</ele>
   </trkpt>
   <trkpt lat="-22.38642" lon="-44.95313">
    <ele>1121.5900000000001</ele>
   </trkpt>
   <trkpt lat="-22.38699" lon="-44.95349">
    <ele>1129.21</ele>
   </trkpt>
   <trkpt lat="-22.38753" lon="-44.953610000000005">
    <ele>1121.3700000000001</ele>
   </trkpt>
   <trkpt lat="-22.38782" lon="-44.953450000000004">
    <ele>1112.78</ele>
   </trkpt>
   <trkpt lat="-22.38819000037396" lon="-44.95309000098133">
    <ele>1096.69</ele>
   </trkpt>
   <trkpt lat="-22.388560000000002" lon="-44.95273">
    <ele>1095.24</ele>
   </trkpt>
   <trkpt lat="-22.38924" lon="-44.952600000000004">
    <ele>1101.07</ele>
   </trkpt>
   <trkpt lat="-22.389830000000003" lon="-44.95192">
    <ele>1107.66</ele>
   </trkpt>
   <trkpt lat="-22.390315000217413" lon="-44.951820000310235">
    <ele>1112.29</ele>
   </trkpt>
   <trkpt lat="-22.390800000000002" lon="-44.95172">
    <ele>1124.3100000000002</ele>
   </trkpt>
   <trkpt lat="-22.39121" lon="-44.95127">
    <ele>1132.7900000000002</ele>
   </trkpt>
   <trkpt lat="-22.391655000317357" lon="-44.95153999919264">
    <ele>1133.65</ele>
   </trkpt>
   <trkpt lat="-22.392100000000003" lon="-44.95181">
    <ele>1134.9</ele>
   </trkpt>
   <trkpt lat="-22.392770000000002" lon="-44.95199">
    <ele>1142.6000000000001</ele>
   </trkpt>
   <trkpt lat="-22.393250000000002" lon="-44.95181">
    <ele>1150.5500000000002</ele>
   </trkpt>
   <trkpt lat="-22.393715001602672" lon="-44.95108500244476">
    <ele>1151.54</ele>
   </trkpt>
   <trkpt lat="-22.394180000000002" lon="-44.95036">
    <ele>1156.13</ele>
   </trkpt>
   <trkpt lat="-22.39483500038742" lon="-44.95004500144424">
    <ele>1138.8200000000002</ele>
   </trkpt>
   <trkpt lat="-22.395490000000002" lon="-44.94973">
    <ele>1133.8300000000002</ele>
   </trkpt>
   <trkpt lat="-22.396035001121298" lon="-44.94915000218074">
    <ele>1124.47</ele>
   </trkpt>
   <trkpt lat="-22.39658" lon="-44.948570000000004">
    <ele>1117.76</ele>
   </trkpt>
   <trkpt lat="-22.396955000779855" lon="-44.94808500123481">
    <ele>1125.71</ele>
   </trkpt>
   <trkpt lat="-22.39733" lon="-44.9476">
    <ele>1142.76</ele>
   </trkpt>
   <trkpt lat="-22.397650000000002" lon="-44.94729">
    <ele>1152.3700000000001</ele>
   </trkpt>
   <trkpt lat="-22.398220000000002" lon="-44.94704">
    <ele>1160.0300000000002</ele>
   </trkpt>
   <trkpt lat="-22.398785000119176" lon="-44.94697500025196">
    <ele>1167.1100000000001</ele>
   </trkpt>
   <trkpt lat="-22.399350000000002" lon="-44.94691">
    <ele>1169.92</ele>
   </trkpt>
   <trkpt lat="-22.39994" lon="-44.946720000000006">
    <ele>1164.35</ele>
   </trkpt>
   <trkpt lat="-22.40049" lon="-44.94637">
    <ele>1169.47</ele>
   </trkpt>
   <trkpt lat="-22.400740000000003" lon="-44.94624">
    <ele>1172.44</ele>
   </trkpt>
   <trkpt lat="-22.40097" lon="-44.945840000000004">
    <ele>1176.9900000000002</ele>
   </trkpt>
   <trkpt lat="-22.40146" lon="-44.94574">
    <ele>1181.22</ele>
   </trkpt>
   <trkpt lat="-22.401860000000003" lon="-44.94541">
    <ele>1187.2600000000002</ele>
   </trkpt>
   <trkpt lat="-22.402525000132293" lon="-44.94543499988529">
    <ele>1196.99</ele>
   </trkpt>
   <trkpt lat="-22.403190000000002" lon="-44.945460000000004">
    <ele>1203.48</ele>
   </trkpt>
   <trkpt lat="-22.4034" lon="-44.94539">
    <ele>1204.92</ele>
   </trkpt>
   <trkpt lat="-22.403750000000002" lon="-44.94478">
    <ele>1209.3</ele>
   </trkpt>
   <trkpt lat="-22.40417" lon="-44.94438">
    <ele>1215.84</ele>
   </trkpt>
   <trkpt lat="-22.404690000000002" lon="-44.94413">
    <ele>1220.3600000000001</ele>
   </trkpt>
   <trkpt lat="-22.405440000000002" lon="-44.94366">
    <ele>1226.24</ele>
   </trkpt>
   <trkpt lat="-22.40603" lon="-44.94308">
    <ele>1228.68</ele>
   </trkpt>
   <trkpt lat="-22.406380000000002" lon="-44.943020000000004">
    <ele>1229.48</ele>
   </trkpt>
   <trkpt lat="-22.40687" lon="-44.943130000000004">
    <ele>1232.8000000000002</ele>
   </trkpt>
   <trkpt lat="-22.407320000000002" lon="-44.94299">
    <ele>1237.77</ele>
   </trkpt>
   <trkpt lat="-22.40724" lon="-44.94247">
    <ele>1242.8000000000002</ele>
   </trkpt>
   <trkpt lat="-22.40724" lon="-44.94198">
    <ele>1247.05</ele>
   </trkpt>
   <trkpt lat="-22.40743" lon="-44.94163">
    <ele>1250.1100000000001</ele>
   </trkpt>
   <trkpt lat="-22.40745" lon="-44.94163">
    <ele>1250.1100000000001</ele>
   </trkpt>
   <trkpt lat="-22.40744" lon="-44.94163">
    <ele>1250.1100000000001</ele>
   </trkpt>
   <trkpt lat="-22.40772" lon="-44.94153">
    <ele>1254.79</ele>
   </trkpt>
   <trkpt lat="-22.408240000000003" lon="-44.94167">
    <ele>1261.3700000000001</ele>
   </trkpt>
   <trkpt lat="-22.408640000000002" lon="-44.94156">
    <ele>1270.18</ele>
   </trkpt>
   <trkpt lat="-22.408820000000002" lon="-44.94145">
    <ele>1272.91</ele>
   </trkpt>
   <trkpt lat="-22.409290000000002" lon="-44.94142">
    <ele>1277.2</ele>
   </trkpt>
   <trkpt lat="-22.40961" lon="-44.94129">
    <ele>1279.13</ele>
   </trkpt>
   <trkpt lat="-22.410040000000002" lon="-44.941">
    <ele>1285.74</ele>
   </trkpt>
   <trkpt lat="-22.410590000000003" lon="-44.94109">
    <ele>1291.0900000000001</ele>
   </trkpt>
   <trkpt lat="-22.410880000000002" lon="-44.94124">
    <ele>1294.25</ele>
   </trkpt>
   <trkpt lat="-22.41112" lon="-44.94158">
    <ele>1299.39</ele>
   </trkpt>
   <trkpt lat="-22.41138" lon="-44.94174">
    <ele>1301.15</ele>
   </trkpt>
   <trkpt lat="-22.411640000000002" lon="-44.94169">
    <ele>1303.67</ele>
   </trkpt>
   <trkpt lat="-22.411820000000002" lon="-44.94129">
    <ele>1309.8500000000001</ele>
   </trkpt>
   <trkpt lat="-22.41187" lon="-44.94079000000001">
    <ele>1315.0000000000002</ele>
   </trkpt>
   <trkpt lat="-22.41244" lon="-44.94048">
    <ele>1315.52</ele>
   </trkpt>
   <trkpt lat="-22.412630000000004" lon="-44.940450000000006">
    <ele>1315.2</ele>
   </trkpt>
   <trkpt lat="-22.41318" lon="-44.94075">
    <ele>1312.48</ele>
   </trkpt>
   <trkpt lat="-22.413500000000003" lon="-44.9414">
    <ele>1308.8700000000001</ele>
   </trkpt>
   <trkpt lat="-22.41384" lon="-44.94127">
    <ele>1307.4800000000002</ele>
   </trkpt>
   <trkpt lat="-22.41411" lon="-44.94127">
    <ele>1305.7</ele>
   </trkpt>
   <trkpt lat="-22.414460000000002" lon="-44.94151">
    <ele>1305.14</ele>
   </trkpt>
   <trkpt lat="-22.415110000000002" lon="-44.9416">
    <ele>1304.0</ele>
   </trkpt>
   <trkpt lat="-22.415390000000002" lon="-44.94151">
    <ele>1303.95</ele>
   </trkpt>
   <trkpt lat="-22.415560000000003" lon="-44.94122">
    <ele>1305.19</ele>
   </trkpt>
   <trkpt lat="-22.415560000000003" lon="-44.94098">
    <ele>1307.01</ele>
   </trkpt>
   <trkpt lat="-22.41562" lon="-44.94073">
    <ele>1308.67</ele>
   </trkpt>
   <trkpt lat="-22.41579" lon="-44.940670000000004">
    <ele>1310.7000000000003</ele>
   </trkpt>
   <trkpt lat="-22.41607" lon="-44.940690000000004">
    <ele>1314.23</ele>
   </trkpt>
   <trkpt lat="-22.416320000000002" lon="-44.94093">
    <ele>1309.44</ele>
   </trkpt>
   <trkpt lat="-22.416510000000002" lon="-44.94129">
    <ele>1303.8</ele>
   </trkpt>
   <trkpt lat="-22.416800000000002" lon="-44.94147">
    <ele>1298.8000000000002</ele>
   </trkpt>
   <trkpt lat="-22.41729" lon="-44.94113">
    <ele>1295.93</ele>
   </trkpt>
   <trkpt lat="-22.417630000415325" lon="-44.940740001015065">
    <ele>1302.68</ele>
   </trkpt>
   <trkpt lat="-22.41797" lon="-44.94035">
    <ele>1309.5500000000002</ele>
   </trkpt>
   <trkpt lat="-22.41796" lon="-44.93977">
    <ele>1309.8500000000001</ele>
   </trkpt>
   <trkpt lat="-22.418000000000003" lon="-44.9395">
    <ele>1308.23</ele>
   </trkpt>
   <trkpt lat="-22.41804" lon="-44.93941">
    <ele>1308.17</ele>
   </trkpt>
   <trkpt lat="-22.418370000000003" lon="-44.93941">
    <ele>1307.42</ele>
   </trkpt>
   <trkpt lat="-22.418380000000003" lon="-44.939400000000006">
    <ele>1306.17</ele>
   </trkpt>
   <trkpt lat="-22.41832" lon="-44.939240000000005">
    <ele>1307.96</ele>
   </trkpt>
   <trkpt lat="-22.41833" lon="-44.93914">
    <ele>1308.8300000000002</ele>
   </trkpt>
   <trkpt lat="-22.41841" lon="-44.939080000000004">
    <ele>1307.4800000000002</ele>
   </trkpt>
   <trkpt lat="-22.41832" lon="-44.939020000000006">
    <ele>1311.2100000000003</ele>
   </trkpt>
   <trkpt lat="-22.418400000000002" lon="-44.93907">
    <ele>1307.4800000000002</ele>
   </trkpt>
   <trkpt lat="-22.41833" lon="-44.938990000000004">
    <ele>1311.2100000000003</ele>
   </trkpt>
   <trkpt lat="-22.418370000000003" lon="-44.93891000000001">
    <ele>1311.7800000000002</ele>
   </trkpt>
   <trkpt lat="-22.418360000000003" lon="-44.9388">
    <ele>1312.8500000000001</ele>
   </trkpt>
   <trkpt lat="-22.41824" lon="-44.93864000000001">
    <ele>1315.5100000000002</ele>
   </trkpt>
   <trkpt lat="-22.418170000000003" lon="-44.93858">
    <ele>1318.41</ele>
   </trkpt>
   <trkpt lat="-22.41814" lon="-44.93849">
    <ele>1319.96</ele>
   </trkpt>
   <trkpt lat="-22.41795" lon="-44.93813">
    <ele>1331.6100000000001</ele>
   </trkpt>
   <trkpt lat="-22.417920000000002" lon="-44.93804">
    <ele>1332.77</ele>
   </trkpt>
   <trkpt lat="-22.417890000000003" lon="-44.937830000000005">
    <ele>1335.9800000000002</ele>
   </trkpt>
   <trkpt lat="-22.417920000000002" lon="-44.93773">
    <ele>1336.7600000000002</ele>
   </trkpt>
   <trkpt lat="-22.41795" lon="-44.93753">
    <ele>1340.84</ele>
   </trkpt>
   <trkpt lat="-22.41788" lon="-44.93746">
    <ele>1345.75</ele>
   </trkpt>
   <trkpt lat="-22.41784" lon="-44.937360000000005">
    <ele>1350.5200000000002</ele>
   </trkpt>
   <trkpt lat="-22.41777" lon="-44.9373">
    <ele>1356.23</ele>
   </trkpt>
   <trkpt lat="-22.41776" lon="-44.937200000000004">
    <ele>1359.7100000000003</ele>
   </trkpt>
   <trkpt lat="-22.417810000000003" lon="-44.93712">
    <ele>1362.17</ele>
   </trkpt>
   <trkpt lat="-22.417890000000003" lon="-44.93706">
    <ele>1363.28</ele>
   </trkpt>
   <trkpt lat="-22.417980000000004" lon="-44.93703000000001">
    <ele>1365.21</ele>
   </trkpt>
   <trkpt lat="-22.41806" lon="-44.937070000000006">
    <ele>1364.43</ele>
   </trkpt>
   <trkpt lat="-22.41816" lon="-44.93708">
    <ele>1365.22</ele>
   </trkpt>
   <trkpt lat="-22.418170000000003" lon="-44.936980000000005">
    <ele>1369.0900000000001</ele>
   </trkpt>
   <trkpt lat="-22.41814" lon="-44.93668">
    <ele>1381.39</ele>
   </trkpt>
   <trkpt lat="-22.418170000000003" lon="-44.93659">
    <ele>1385.5700000000002</ele>
   </trkpt>
   <trkpt lat="-22.41815" lon="-44.936490000000006">
    <ele>1392.3100000000002</ele>
   </trkpt>
   <trkpt lat="-22.418200000000002" lon="-44.936400000000006">
    <ele>1398.0700000000002</ele>
   </trkpt>
   <trkpt lat="-22.41822" lon="-44.936310000000006">
    <ele>1403.7400000000002</ele>
   </trkpt>
   <trkpt lat="-22.418270000000003" lon="-44.936220000000006">
    <ele>1408.7200000000003</ele>
   </trkpt>
   <trkpt lat="-22.418290000000002" lon="-44.93612">
    <ele>1412.8400000000001</ele>
   </trkpt>
   <trkpt lat="-22.418270000000003" lon="-44.936020000000006">
    <ele>1416.46</ele>
   </trkpt>
   <trkpt lat="-22.41831" lon="-44.935930000000006">
    <ele>1420.86</ele>
   </trkpt>
   <trkpt lat="-22.418390000000002" lon="-44.93587">
    <ele>1421.6000000000001</ele>
   </trkpt>
   <trkpt lat="-22.41854" lon="-44.935390000000005">
    <ele>1440.59</ele>
   </trkpt>
   <trkpt lat="-22.418730000000004" lon="-44.93518">
    <ele>1457.9</ele>
   </trkpt>
   <trkpt lat="-22.418650000000003" lon="-44.935100000000006">
    <ele>1462.17</ele>
   </trkpt>
   <trkpt lat="-22.4186" lon="-44.935010000000005">
    <ele>1465.98</ele>
   </trkpt>
   <trkpt lat="-22.418730000000004" lon="-44.93486">
    <ele>1476.39</ele>
   </trkpt>
   <trkpt lat="-22.4187" lon="-44.93477">
    <ele>1482.4400000000003</ele>
   </trkpt>
   <trkpt lat="-22.4188" lon="-44.93475">
    <ele>1483.39</ele>
   </trkpt>
   <trkpt lat="-22.418850000000003" lon="-44.934670000000004">
    <ele>1487.26</ele>
   </trkpt>
   <trkpt lat="-22.418950000000002" lon="-44.934650000000005">
    <ele>1487.7</ele>
   </trkpt>
   <trkpt lat="-22.41899" lon="-44.934560000000005">
    <ele>1491.21</ele>
   </trkpt>
   <trkpt lat="-22.419020000000003" lon="-44.934470000000005">
    <ele>1495.23</ele>
   </trkpt>
   <trkpt lat="-22.419020000000003" lon="-44.93437">
    <ele>1497.48</ele>
   </trkpt>
   <trkpt lat="-22.41908" lon="-44.934180000000005">
    <ele>1504.69</ele>
   </trkpt>
   <trkpt lat="-22.41907" lon="-44.933980000000005">
    <ele>1515.7800000000002</ele>
   </trkpt>
   <trkpt lat="-22.4191" lon="-44.933890000000005">
    <ele>1520.2000000000003</ele>
   </trkpt>
   <trkpt lat="-22.41906" lon="-44.933800000000005">
    <ele>1522.89</ele>
   </trkpt>
   <trkpt lat="-22.41908" lon="-44.933710000000005">
    <ele>1526.9800000000002</ele>
   </trkpt>
   <trkpt lat="-22.41916" lon="-44.93366">
    <ele>1530.5400000000002</ele>
   </trkpt>
   <trkpt lat="-22.419210000000003" lon="-44.93357">
    <ele>1537.14</ele>
   </trkpt>
   <trkpt lat="-22.41926" lon="-44.933370000000004">
    <ele>1544.82</ele>
   </trkpt>
   <trkpt lat="-22.41926" lon="-44.93327">
    <ele>1548.31</ele>
   </trkpt>
   <trkpt lat="-22.419310000000003" lon="-44.93319">
    <ele>1552.28</ele>
   </trkpt>
   <trkpt lat="-22.41938" lon="-44.932990000000004">
    <ele>1559.88</ele>
   </trkpt>
   <trkpt lat="-22.41947" lon="-44.93282000000001">
    <ele>1565.5700000000002</ele>
   </trkpt>
   <trkpt lat="-22.41956" lon="-44.932770000000005">
    <ele>1568.27</ele>
   </trkpt>
   <trkpt lat="-22.41965" lon="-44.93274">
    <ele>1572.3700000000001</ele>
   </trkpt>
   <trkpt lat="-22.41965" lon="-44.932640000000006">
    <ele>1577.2</ele>
   </trkpt>
   <trkpt lat="-22.41983" lon="-44.93256">
    <ele>1587.56</ele>
   </trkpt>
   <trkpt lat="-22.41984" lon="-44.932460000000006">
    <ele>1591.8200000000002</ele>
   </trkpt>
   <trkpt lat="-22.41983" lon="-44.932370000000006">
    <ele>1599.2</ele>
   </trkpt>
   <trkpt lat="-22.419860000000003" lon="-44.93226000000001">
    <ele>1599.2</ele>
   </trkpt>
   <trkpt lat="-22.41994" lon="-44.932080000000006">
    <ele>1607.67</ele>
   </trkpt>
   <trkpt lat="-22.42" lon="-44.932">
    <ele>1615.0900000000001</ele>
   </trkpt>
   <trkpt lat="-22.42003" lon="-44.93191">
    <ele>1620.5</ele>
   </trkpt>
   <trkpt lat="-22.42012" lon="-44.931740000000005">
    <ele>1636.7600000000002</ele>
   </trkpt>
   <trkpt lat="-22.420150000000003" lon="-44.93164">
    <ele>1640.89</ele>
   </trkpt>
   <trkpt lat="-22.42021" lon="-44.93157">
    <ele>1646.16</ele>
   </trkpt>
   <trkpt lat="-22.42029" lon="-44.931400000000004">
    <ele>1655.96</ele>
   </trkpt>
   <trkpt lat="-22.420430000000003" lon="-44.931250000000006">
    <ele>1670.1500000000003</ele>
   </trkpt>
   <trkpt lat="-22.42048" lon="-44.931160000000006">
    <ele>1676.2100000000003</ele>
   </trkpt>
   <trkpt lat="-22.420620000000003" lon="-44.931000000000004">
    <ele>1686.3400000000001</ele>
   </trkpt>
   <trkpt lat="-22.42058" lon="-44.930910000000004">
    <ele>1692.2400000000002</ele>
   </trkpt>
   <trkpt lat="-22.420630000000003" lon="-44.930710000000005">
    <ele>1701.7300000000002</ele>
   </trkpt>
   <trkpt lat="-22.42069" lon="-44.930620000000005">
    <ele>1709.8300000000002</ele>
   </trkpt>
   <trkpt lat="-22.42075" lon="-44.93043">
    <ele>1731.9700000000003</ele>
   </trkpt>
   <trkpt lat="-22.420920000000002" lon="-44.930200000000006">
    <ele>1746.2700000000002</ele>
   </trkpt>
   <trkpt lat="-22.420910000000003" lon="-44.9301">
    <ele>1750.69</ele>
   </trkpt>
   <trkpt lat="-22.42096" lon="-44.93001">
    <ele>1756.38</ele>
   </trkpt>
   <trkpt lat="-22.42106" lon="-44.930020000000006">
    <ele>1760.04</ele>
   </trkpt>
   <trkpt lat="-22.42113" lon="-44.92996">
    <ele>1765.4600000000003</ele>
   </trkpt>
   <trkpt lat="-22.421120000000002" lon="-44.92987">
    <ele>1767.9000000000003</ele>
   </trkpt>
   <trkpt lat="-22.421110000000002" lon="-44.92967">
    <ele>1771.74</ele>
   </trkpt>
   <trkpt lat="-22.421080000000003" lon="-44.92947">
    <ele>1771.88</ele>
   </trkpt>
   <trkpt lat="-22.42104" lon="-44.92936">
    <ele>1771.17</ele>
   </trkpt>
   <trkpt lat="-22.42104" lon="-44.92925">
    <ele>1772.6200000000001</ele>
   </trkpt>
   <trkpt lat="-22.42113" lon="-44.92906000000001">
    <ele>1776.41</ele>
   </trkpt>
   <trkpt lat="-22.42115" lon="-44.928960000000004">
    <ele>1777.4900000000002</ele>
   </trkpt>
   <trkpt lat="-22.42114" lon="-44.928850000000004">
    <ele>1776.9800000000002</ele>
   </trkpt>
   <trkpt lat="-22.421180000000003" lon="-44.928760000000004">
    <ele>1781.89</ele>
   </trkpt>
   <trkpt lat="-22.421190000000003" lon="-44.928450000000005">
    <ele>1789.0700000000002</ele>
   </trkpt>
   <trkpt lat="-22.42124" lon="-44.928250000000006">
    <ele>1791.91</ele>
   </trkpt>
   <trkpt lat="-22.421210000000002" lon="-44.92804">
    <ele>1793.8200000000002</ele>
   </trkpt>
   <trkpt lat="-22.421170000000004" lon="-44.92795">
    <ele>1793.8300000000002</ele>
   </trkpt>
   <trkpt lat="-22.42115" lon="-44.92785000000001">
    <ele>1795.1200000000001</ele>
   </trkpt>
   <trkpt lat="-22.42116" lon="-44.92775">
    <ele>1795.17</ele>
   </trkpt>
   <trkpt lat="-22.421280000000003" lon="-44.927150000000005">
    <ele>1800.48</ele>
   </trkpt>
   <trkpt lat="-22.42124" lon="-44.92696">
    <ele>1803.3400000000001</ele>
   </trkpt>
   <trkpt lat="-22.421280000000003" lon="-44.92665">
    <ele>1810.04</ele>
   </trkpt>
   <trkpt lat="-22.421210000000002" lon="-44.926350000000006">
    <ele>1815.5500000000002</ele>
   </trkpt>
   <trkpt lat="-22.421210000000002" lon="-44.92624000000001">
    <ele>1816.65</ele>
   </trkpt>
   <trkpt lat="-22.42123" lon="-44.926030000000004">
    <ele>1816.89</ele>
   </trkpt>
   <trkpt lat="-22.42132" lon="-44.925740000000005">
    <ele>1808.2600000000002</ele>
   </trkpt>
   <trkpt lat="-22.42132" lon="-44.92551">
    <ele>1806.2600000000002</ele>
   </trkpt>
   <trkpt lat="-22.421290000000003" lon="-44.92519">
    <ele>1804.44</ele>
   </trkpt>
   <trkpt lat="-22.42126" lon="-44.925090000000004">
    <ele>1802.96</ele>
   </trkpt>
   <trkpt lat="-22.421210000000002" lon="-44.92501">
    <ele>1800.76</ele>
   </trkpt>
   <trkpt lat="-22.421170000000004" lon="-44.92481">
    <ele>1795.1000000000001</ele>
   </trkpt>
   <trkpt lat="-22.421170000000004" lon="-44.924710000000005">
    <ele>1792.8300000000002</ele>
   </trkpt>
   <trkpt lat="-22.42115" lon="-44.92461">
    <ele>1791.3400000000001</ele>
   </trkpt>
   <trkpt lat="-22.42115" lon="-44.924400000000006">
    <ele>1788.92</ele>
   </trkpt>
   <trkpt lat="-22.421120000000002" lon="-44.92418000000001">
    <ele>1788.8300000000002</ele>
   </trkpt>
   <trkpt lat="-22.421090000000003" lon="-44.924080000000004">
    <ele>1789.92</ele>
   </trkpt>
   <trkpt lat="-22.420990000000003" lon="-44.9239">
    <ele>1791.9600000000003</ele>
   </trkpt>
   <trkpt lat="-22.42097" lon="-44.92380000000001">
    <ele>1791.8600000000001</ele>
   </trkpt>
   <trkpt lat="-22.421000000000003" lon="-44.923590000000004">
    <ele>1790.3500000000001</ele>
   </trkpt>
   <trkpt lat="-22.42104" lon="-44.923500000000004">
    <ele>1789.23</ele>
   </trkpt>
   <trkpt lat="-22.42105" lon="-44.9234">
    <ele>1790.88</ele>
   </trkpt>
   <trkpt lat="-22.420990000000003" lon="-44.92333000000001">
    <ele>1795.0400000000002</ele>
   </trkpt>
   <trkpt lat="-22.42095" lon="-44.92324000000001">
    <ele>1797.94</ele>
   </trkpt>
   <trkpt lat="-22.42087" lon="-44.92284">
    <ele>1806.9800000000002</ele>
   </trkpt>
   <trkpt lat="-22.42075" lon="-44.92246">
    <ele>1816.5900000000001</ele>
   </trkpt>
   <trkpt lat="-22.420730000000002" lon="-44.92235">
    <ele>1819.0400000000002</ele>
   </trkpt>
   <trkpt lat="-22.420720000000003" lon="-44.92195">
    <ele>1822.9100000000003</ele>
   </trkpt>
   <trkpt lat="-22.420740000000002" lon="-44.92184">
    <ele>1824.41</ele>
   </trkpt>
   <trkpt lat="-22.420720000000003" lon="-44.92174000000001">
    <ele>1825.3100000000002</ele>
   </trkpt>
   <trkpt lat="-22.420630000000003" lon="-44.92155">
    <ele>1828.8200000000002</ele>
   </trkpt>
   <trkpt lat="-22.420620000000003" lon="-44.921350000000004">
    <ele>1832.2600000000002</ele>
   </trkpt>
   <trkpt lat="-22.420650000000002" lon="-44.921260000000004">
    <ele>1835.0000000000002</ele>
   </trkpt>
   <trkpt lat="-22.420640000000002" lon="-44.92105">
    <ele>1842.4600000000003</ele>
   </trkpt>
   <trkpt lat="-22.42067" lon="-44.92065">
    <ele>1852.91</ele>
   </trkpt>
   <trkpt lat="-22.420720000000003" lon="-44.920350000000006">
    <ele>1856.2800000000002</ele>
   </trkpt>
   <trkpt lat="-22.42076" lon="-44.92025">
    <ele>1857.5</ele>
   </trkpt>
   <trkpt lat="-22.42077" lon="-44.92005">
    <ele>1862.67</ele>
   </trkpt>
   <trkpt lat="-22.42079" lon="-44.91995000000001">
    <ele>1868.4</ele>
   </trkpt>
   <trkpt lat="-22.420900000000003" lon="-44.91978">
    <ele>1871.6200000000001</ele>
   </trkpt>
   <trkpt lat="-22.42098" lon="-44.91959000000001">
    <ele>1879.4800000000002</ele>
   </trkpt>
   <trkpt lat="-22.42105" lon="-44.91953">
    <ele>1883.8500000000001</ele>
   </trkpt>
   <trkpt lat="-22.42115" lon="-44.919360000000005">
    <ele>1890.88</ele>
   </trkpt>
   <trkpt lat="-22.421300000000002" lon="-44.91924">
    <ele>1894.51</ele>
   </trkpt>
   <trkpt lat="-22.42163" lon="-44.91906">
    <ele>1913.63</ele>
   </trkpt>
   <trkpt lat="-22.421680000000002" lon="-44.91897">
    <ele>1918.8300000000002</ele>
   </trkpt>
   <trkpt lat="-22.421930000000003" lon="-44.91883000000001">
    <ele>1931.8800000000003</ele>
   </trkpt>
   <trkpt lat="-22.422020000000003" lon="-44.918820000000004">
    <ele>1935.39</ele>
   </trkpt>
   <trkpt lat="-22.4221" lon="-44.918780000000005">
    <ele>1940.0900000000001</ele>
   </trkpt>
   <trkpt lat="-22.422340000000002" lon="-44.91863">
    <ele>1958.67</ele>
   </trkpt>
   <trkpt lat="-22.42246" lon="-44.91848">
    <ele>1968.91</ele>
   </trkpt>
   <trkpt lat="-22.42254" lon="-44.918420000000005">
    <ele>1971.6700000000003</ele>
   </trkpt>
   <trkpt lat="-22.42263" lon="-44.918400000000005">
    <ele>1974.1000000000001</ele>
   </trkpt>
   <trkpt lat="-22.42264" lon="-44.9183">
    <ele>1976.05</ele>
   </trkpt>
   <trkpt lat="-22.422520000000002" lon="-44.918020000000006">
    <ele>1977.89</ele>
   </trkpt>
   <trkpt lat="-22.422510000000003" lon="-44.917910000000006">
    <ele>1979.48</ele>
   </trkpt>
   <trkpt lat="-22.42255" lon="-44.91781">
    <ele>1981.17</ele>
   </trkpt>
   <trkpt lat="-22.42257" lon="-44.9177">
    <ele>1982.18</ele>
   </trkpt>
   <trkpt lat="-22.42257" lon="-44.917500000000004">
    <ele>1985.7600000000002</ele>
   </trkpt>
   <trkpt lat="-22.422600000000003" lon="-44.917300000000004">
    <ele>1989.8300000000002</ele>
   </trkpt>
   <trkpt lat="-22.422600000000003" lon="-44.917190000000005">
    <ele>1992.17</ele>
   </trkpt>
   <trkpt lat="-22.422590000000003" lon="-44.916990000000006">
    <ele>1999.14</ele>
   </trkpt>
   <trkpt lat="-22.42254" lon="-44.91691">
    <ele>2004.89</ele>
   </trkpt>
   <trkpt lat="-22.42245" lon="-44.916630000000005">
    <ele>2014.1400000000003</ele>
   </trkpt>
   <trkpt lat="-22.42245" lon="-44.91653">
    <ele>2016.81</ele>
   </trkpt>
   <trkpt lat="-22.422430000000002" lon="-44.916430000000005">
    <ele>2018.1100000000001</ele>
   </trkpt>
   <trkpt lat="-22.422500000000003" lon="-44.91624">
    <ele>2020.5800000000002</ele>
   </trkpt>
   <trkpt lat="-22.422490000000003" lon="-44.916140000000006">
    <ele>2025.65</ele>
   </trkpt>
   <trkpt lat="-22.42246" lon="-44.916030000000006">
    <ele>2028.9800000000002</ele>
   </trkpt>
   <trkpt lat="-22.422410000000003" lon="-44.91595">
    <ele>2037.4500000000003</ele>
   </trkpt>
   <trkpt lat="-22.42235" lon="-44.915760000000006">
    <ele>2052.23</ele>
   </trkpt>
   <trkpt lat="-22.422340000000002" lon="-44.91545000000001">
    <ele>2072.55</ele>
   </trkpt>
   <trkpt lat="-22.422300000000003" lon="-44.91537">
    <ele>2080.7999999999997</ele>
   </trkpt>
   <trkpt lat="-22.42217" lon="-44.915220000000005">
    <ele>2091.63</ele>
   </trkpt>
   <trkpt lat="-22.42216" lon="-44.91512">
    <ele>2097.9400000000005</ele>
   </trkpt>
   <trkpt lat="-22.422120000000003" lon="-44.91503">
    <ele>2102.4</ele>
   </trkpt>
   <trkpt lat="-22.42209" lon="-44.91483">
    <ele>2118.1200000000003</ele>
   </trkpt>
   <trkpt lat="-22.422" lon="-44.914550000000006">
    <ele>2126.1200000000003</ele>
   </trkpt>
   <trkpt lat="-22.42199" lon="-44.91445">
    <ele>2128.51</ele>
   </trkpt>
   <trkpt lat="-22.4219" lon="-44.91415000000001">
    <ele>2143.2999999999997</ele>
   </trkpt>
   <trkpt lat="-22.421870000000002" lon="-44.91396">
    <ele>2153.2500000000005</ele>
   </trkpt>
   <trkpt lat="-22.421870000000002" lon="-44.91386000000001">
    <ele>2161.68</ele>
   </trkpt>
   <trkpt lat="-22.421960000000002" lon="-44.91357000000001">
    <ele>2175.17</ele>
   </trkpt>
   <trkpt lat="-22.421960000000002" lon="-44.913360000000004">
    <ele>2182.88</ele>
   </trkpt>
   <trkpt lat="-22.42189" lon="-44.91329">
    <ele>2187.98</ele>
   </trkpt>
   <trkpt lat="-22.42181" lon="-44.91326">
    <ele>2191.17</ele>
   </trkpt>
   <trkpt lat="-22.42171" lon="-44.91328">
    <ele>2192.92</ele>
   </trkpt>
   <trkpt lat="-22.42162" lon="-44.91326">
    <ele>2196.8300000000004</ele>
   </trkpt>
   <trkpt lat="-22.42152" lon="-44.91329">
    <ele>2195.6000000000004</ele>
   </trkpt>
   <trkpt lat="-22.42145" lon="-44.91322">
    <ele>2197.1800000000003</ele>
   </trkpt>
   <trkpt lat="-22.42141" lon="-44.91313">
    <ele>2199.23</ele>
   </trkpt>
   <trkpt lat="-22.42141" lon="-44.913030000000006">
    <ele>2200.93</ele>
   </trkpt>
   <trkpt lat="-22.421360000000004" lon="-44.91282">
    <ele>2198.7900000000004</ele>
   </trkpt>
   <trkpt lat="-22.421400000000002" lon="-44.91252">
    <ele>2203.0000000000005</ele>
   </trkpt>
   <trkpt lat="-22.42134" lon="-44.91221">
    <ele>2204.32</ele>
   </trkpt>
   <trkpt lat="-22.42123" lon="-44.911910000000006">
    <ele>2204.32</ele>
   </trkpt>
   <trkpt lat="-22.421180000000003" lon="-44.91172">
    <ele>2204.17</ele>
   </trkpt>
   <trkpt lat="-22.421090000000003" lon="-44.91154">
    <ele>2200.6400000000003</ele>
   </trkpt>
   <trkpt lat="-22.42095" lon="-44.911370000000005">
    <ele>2195.2000000000003</ele>
   </trkpt>
   <trkpt lat="-22.420910000000003" lon="-44.911170000000006">
    <ele>2194.51</ele>
   </trkpt>
   <trkpt lat="-22.420810000000003" lon="-44.91116">
    <ele>2191.6000000000004</ele>
   </trkpt>
   <trkpt lat="-22.420740000000002" lon="-44.91109">
    <ele>2187.64</ele>
   </trkpt>
   <trkpt lat="-22.4207" lon="-44.910990000000005">
    <ele>2186.4700000000003</ele>
   </trkpt>
   <trkpt lat="-22.420640000000002" lon="-44.91091">
    <ele>2184.5600000000004</ele>
   </trkpt>
   <trkpt lat="-22.420630000000003" lon="-44.910810000000005">
    <ele>2185.5</ele>
   </trkpt>
   <trkpt lat="-22.4205" lon="-44.910650000000004">
    <ele>2185.83</ele>
   </trkpt>
   <trkpt lat="-22.4205" lon="-44.91055">
    <ele>2189.21</ele>
   </trkpt>
   <trkpt lat="-22.42047" lon="-44.91038">
    <ele>2194.7300000000005</ele>
   </trkpt>
   <trkpt lat="-22.42023" lon="-44.9104">
    <ele>2188.1600000000003</ele>
   </trkpt>
   <trkpt lat="-22.420170000000002" lon="-44.91062">
    <ele>2177.6</ele>
   </trkpt>
   <trkpt lat="-22.419890000000002" lon="-44.9106">
    <ele>2150.97</ele>
   </trkpt>
   <trkpt lat="-22.419710000000002" lon="-44.91087">
    <ele>2138.79</ele>
   </trkpt>
   <trkpt lat="-22.41937" lon="-44.910920000000004">
    <ele>2112.61</ele>
   </trkpt>
   <trkpt lat="-22.419240000000002" lon="-44.91111">
    <ele>2104.36</ele>
   </trkpt>
   <trkpt lat="-22.419330000000002" lon="-44.91118">
    <ele>2095.13</ele>
   </trkpt>
   <trkpt lat="-22.41925" lon="-44.91138">
    <ele>2081.98</ele>
   </trkpt>
   <trkpt lat="-22.419410000000003" lon="-44.911770000000004">
    <ele>2064.42</ele>
   </trkpt>
   <trkpt lat="-22.41925" lon="-44.91217">
    <ele>2053.77</ele>
   </trkpt>
   <trkpt lat="-22.419430000000002" lon="-44.91228">
    <ele>2050.03</ele>
   </trkpt>
   <trkpt lat="-22.419330000000002" lon="-44.91257">
    <ele>2041.65</ele>
   </trkpt>
   <trkpt lat="-22.419340000000002" lon="-44.91272">
    <ele>2038.0500000000002</ele>
   </trkpt>
   <trkpt lat="-22.41957" lon="-44.913340000000005">
    <ele>2033.1399999999999</ele>
   </trkpt>
   <trkpt lat="-22.41946" lon="-44.913740000000004">
    <ele>2027.41</ele>
   </trkpt>
   <trkpt lat="-22.419600000000003" lon="-44.91389">
    <ele>2026.0800000000004</ele>
   </trkpt>
   <trkpt lat="-22.41965" lon="-44.91407">
    <ele>2025.1000000000001</ele>
   </trkpt>
   <trkpt lat="-22.419990000000002" lon="-44.91467">
    <ele>2015.7100000000003</ele>
   </trkpt>
   <trkpt lat="-22.420170000000002" lon="-44.91485">
    <ele>2010.1500000000003</ele>
   </trkpt>
   <trkpt lat="-22.419800000000002" lon="-44.91519">
    <ele>1982.3300000000002</ele>
   </trkpt>
   <trkpt lat="-22.419520000000002" lon="-44.91584">
    <ele>1942.98</ele>
   </trkpt>
   <trkpt lat="-22.419690000000003" lon="-44.91649">
    <ele>1920.91</ele>
   </trkpt>
   <trkpt lat="-22.41966" lon="-44.91658">
    <ele>1917.2700000000002</ele>
   </trkpt>
   <trkpt lat="-22.419430000000002" lon="-44.916920000000005">
    <ele>1894.77</ele>
   </trkpt>
   <trkpt lat="-22.41947" lon="-44.917590000000004">
    <ele>1875.52</ele>
   </trkpt>
   <trkpt lat="-22.419410000000003" lon="-44.91825">
    <ele>1859.69</ele>
   </trkpt>
   <trkpt lat="-22.419410000000003" lon="-44.91841">
    <ele>1854.1000000000001</ele>
   </trkpt>
   <trkpt lat="-22.419050000000002" lon="-44.91841">
    <ele>1843.8</ele>
   </trkpt>
   <trkpt lat="-22.418960000000002" lon="-44.91859">
    <ele>1837.0400000000002</ele>
   </trkpt>
   <trkpt lat="-22.418770000000002" lon="-44.91908">
    <ele>1820.41</ele>
   </trkpt>
   <trkpt lat="-22.418670000000002" lon="-44.91962">
    <ele>1803.7800000000002</ele>
   </trkpt>
   <trkpt lat="-22.418470000000003" lon="-44.91969">
    <ele>1798.4700000000003</ele>
   </trkpt>
   <trkpt lat="-22.418120000000002" lon="-44.92047">
    <ele>1775.7</ele>
   </trkpt>
   <trkpt lat="-22.417830000000002" lon="-44.92072">
    <ele>1768.18</ele>
   </trkpt>
   <trkpt lat="-22.417820000000003" lon="-44.92081">
    <ele>1759.3500000000001</ele>
   </trkpt>
   <trkpt lat="-22.41788" lon="-44.920950000000005">
    <ele>1759.3500000000001</ele>
   </trkpt>
   <trkpt lat="-22.417540000000002" lon="-44.92119">
    <ele>1750.2000000000003</ele>
   </trkpt>
   <trkpt lat="-22.4175" lon="-44.921220000000005">
    <ele>1750.2000000000003</ele>
   </trkpt>
   <trkpt lat="-22.41722" lon="-44.921240000000004">
    <ele>1744.52</ele>
   </trkpt>
   <trkpt lat="-22.417080000000002" lon="-44.92121">
    <ele>1742.45</ele>
   </trkpt>
   <trkpt lat="-22.41701" lon="-44.921240000000004">
    <ele>1742.18</ele>
   </trkpt>
   <trkpt lat="-22.416890000000002" lon="-44.92112">
    <ele>1741.8200000000002</ele>
   </trkpt>
   <trkpt lat="-22.41685" lon="-44.92067">
    <ele>1741.9</ele>
   </trkpt>
   <trkpt lat="-22.416780000000003" lon="-44.920500000000004">
    <ele>1742.14</ele>
   </trkpt>
   <trkpt lat="-22.41656" lon="-44.92038">
    <ele>1742.0900000000001</ele>
   </trkpt>
   <trkpt lat="-22.41644" lon="-44.92056">
    <ele>1741.8200000000002</ele>
   </trkpt>
   <trkpt lat="-22.41628" lon="-44.92069">
    <ele>1740.8400000000001</ele>
   </trkpt>
   <trkpt lat="-22.416030000000003" lon="-44.92058">
    <ele>1740.5900000000001</ele>
   </trkpt>
   <trkpt lat="-22.41589" lon="-44.92027">
    <ele>1740.88</ele>
   </trkpt>
   <trkpt lat="-22.415490000000002" lon="-44.91978">
    <ele>1741.44</ele>
   </trkpt>
   <trkpt lat="-22.41514" lon="-44.92036">
    <ele>1749.63</ele>
   </trkpt>
   <trkpt lat="-22.41485" lon="-44.9198">
    <ele>1761.38</ele>
   </trkpt>
   <trkpt lat="-22.414730000000002" lon="-44.91975">
    <ele>1766.3600000000001</ele>
   </trkpt>
   <trkpt lat="-22.414640000000002" lon="-44.91944">
    <ele>1770.73</ele>
   </trkpt>
   <trkpt lat="-22.414" lon="-44.91935">
    <ele>1775.9000000000003</ele>
   </trkpt>
   <trkpt lat="-22.41354" lon="-44.91953">
    <ele>1778.0300000000002</ele>
   </trkpt>
   <trkpt lat="-22.41309" lon="-44.91987">
    <ele>1782.0900000000001</ele>
   </trkpt>
   <trkpt lat="-22.41287000088791" lon="-44.9204150009268">
    <ele>1772.21</ele>
   </trkpt>
   <trkpt lat="-22.412650000000003" lon="-44.92096">
    <ele>1769.8100000000002</ele>
   </trkpt>
   <trkpt lat="-22.41251" lon="-44.921060000000004">
    <ele>1771.43</ele>
   </trkpt>
   <trkpt lat="-22.412280000000003" lon="-44.92128">
    <ele>1774.63</ele>
   </trkpt>
   <trkpt lat="-22.41206" lon="-44.92184">
    <ele>1775.0700000000002</ele>
   </trkpt>
   <trkpt lat="-22.41194" lon="-44.92199">
    <ele>1775.4800000000002</ele>
   </trkpt>
   <trkpt lat="-22.411170000000002" lon="-44.92224">
    <ele>1793.02</ele>
   </trkpt>
   <trkpt lat="-22.410790000000002" lon="-44.92251">
    <ele>1808.5700000000002</ele>
   </trkpt>
   <trkpt lat="-22.410600000000002" lon="-44.92258">
    <ele>1813.7200000000003</ele>
   </trkpt>
   <trkpt lat="-22.409950000000002" lon="-44.92249">
    <ele>1836.4000000000003</ele>
   </trkpt>
   <trkpt lat="-22.409760000000002" lon="-44.92202">
    <ele>1855.26</ele>
   </trkpt>
   <trkpt lat="-22.4095" lon="-44.92215">
    <ele>1865.19</ele>
   </trkpt>
   <trkpt lat="-22.40931" lon="-44.922070000000005">
    <ele>1871.0700000000002</ele>
   </trkpt>
   <trkpt lat="-22.409100000000002" lon="-44.92181">
    <ele>1878.41</ele>
   </trkpt>
   <trkpt lat="-22.409010000000002" lon="-44.92152">
    <ele>1890.13</ele>
   </trkpt>
   <trkpt lat="-22.40895" lon="-44.9209">
    <ele>1916.0800000000002</ele>
   </trkpt>
   <trkpt lat="-22.408990000000003" lon="-44.91993">
    <ele>1955.4000000000003</ele>
   </trkpt>
   <trkpt lat="-22.408820000000002" lon="-44.91955">
    <ele>1964.56</ele>
   </trkpt>
   <trkpt lat="-22.40857" lon="-44.91942">
    <ele>1962.7800000000002</ele>
   </trkpt>
   <trkpt lat="-22.408250000000002" lon="-44.91908">
    <ele>1957.2500000000002</ele>
   </trkpt>
   <trkpt lat="-22.408180001057417" lon="-44.918489999592">
    <ele>1979.1200000000001</ele>
   </trkpt>
   <trkpt lat="-22.40811" lon="-44.9179">
    <ele>1999.7300000000002</ele>
   </trkpt>
   <trkpt lat="-22.407700000000002" lon="-44.91803">
    <ele>2014.78</ele>
   </trkpt>
   <trkpt lat="-22.40753" lon="-44.91736">
    <ele>2043.3799999999999</ele>
   </trkpt>
   <trkpt lat="-22.407510000000002" lon="-44.91684">
    <ele>2064.17</ele>
   </trkpt>
   <trkpt lat="-22.40689" lon="-44.916360000000005">
    <ele>2082.46</ele>
   </trkpt>
   <trkpt lat="-22.40706" lon="-44.9157">
    <ele>2088.81</ele>
   </trkpt>
   <trkpt lat="-22.407230000000002" lon="-44.91483">
    <ele>2103.99</ele>
   </trkpt>
   <trkpt lat="-22.407290000000003" lon="-44.914190000000005">
    <ele>2128.19</ele>
   </trkpt>
   <trkpt lat="-22.407220000000002" lon="-44.91416">
    <ele>2132.15</ele>
   </trkpt>
   <trkpt lat="-22.40715" lon="-44.914100000000005">
    <ele>2132.7100000000005</ele>
   </trkpt>
   <trkpt lat="-22.40708" lon="-44.91391">
    <ele>2132.2300000000005</ele>
   </trkpt>
   <trkpt lat="-22.40706" lon="-44.91371">
    <ele>2127.2999999999997</ele>
   </trkpt>
   <trkpt lat="-22.40624" lon="-44.91384">
    <ele>2099.75</ele>
   </trkpt>
   <trkpt lat="-22.405620000000003" lon="-44.91398">
    <ele>2078.85</ele>
   </trkpt>
   <trkpt lat="-22.405540000000002" lon="-44.913940000000004">
    <ele>2076.0</ele>
   </trkpt>
   <trkpt lat="-22.40509" lon="-44.91414">
    <ele>2063.9100000000003</ele>
   </trkpt>
   <trkpt lat="-22.404940000000003" lon="-44.91391">
    <ele>2060.1800000000003</ele>
   </trkpt>
   <trkpt lat="-22.404940000000003" lon="-44.913920000000005">
    <ele>2060.1800000000003</ele>
   </trkpt>
   <trkpt lat="-22.40501" lon="-44.91358">
    <ele>2054.65</ele>
   </trkpt>
   <trkpt lat="-22.405260000000002" lon="-44.913560000000004">
    <ele>2051.4</ele>
   </trkpt>
   <trkpt lat="-22.405720000000002" lon="-44.91313">
    <ele>2050.15</ele>
   </trkpt>
   <trkpt lat="-22.40602" lon="-44.912710000000004">
    <ele>2047.4300000000003</ele>
   </trkpt>
   <trkpt lat="-22.40633" lon="-44.912420000000004">
    <ele>2041.62</ele>
   </trkpt>
   <trkpt lat="-22.406460000000003" lon="-44.91217">
    <ele>2038.98</ele>
   </trkpt>
   <trkpt lat="-22.40668" lon="-44.91179">
    <ele>2033.56</ele>
   </trkpt>
   <trkpt lat="-22.4068" lon="-44.911500000000004">
    <ele>2031.0100000000002</ele>
   </trkpt>
   <trkpt lat="-22.40686" lon="-44.91118">
    <ele>2024.8000000000004</ele>
   </trkpt>
   <trkpt lat="-22.406910000780503" lon="-44.910689999763484">
    <ele>2018.0100000000002</ele>
   </trkpt>
   <trkpt lat="-22.40696" lon="-44.9102">
    <ele>2013.77</ele>
   </trkpt>
   <trkpt lat="-22.406750000000002" lon="-44.90955">
    <ele>2005.1200000000001</ele>
   </trkpt>
   <trkpt lat="-22.40632" lon="-44.909510000000004">
    <ele>1997.0900000000001</ele>
   </trkpt>
   <trkpt lat="-22.4063" lon="-44.90964">
    <ele>2004.28</ele>
   </trkpt>
   <trkpt lat="-22.406250000000004" lon="-44.90972000000001">
    <ele>2002.6300000000003</ele>
   </trkpt>
   <trkpt lat="-22.406160000000003" lon="-44.91002">
    <ele>2001.4700000000003</ele>
   </trkpt>
   <trkpt lat="-22.40604" lon="-44.91019000000001">
    <ele>1998.4400000000003</ele>
   </trkpt>
   <trkpt lat="-22.405730000000002" lon="-44.91042">
    <ele>1992.8000000000002</ele>
   </trkpt>
   <trkpt lat="-22.405430000000003" lon="-44.910520000000005">
    <ele>1978.32</ele>
   </trkpt>
   <trkpt lat="-22.40527" lon="-44.91067">
    <ele>1974.52</ele>
   </trkpt>
   <trkpt lat="-22.405170000000002" lon="-44.910720000000005">
    <ele>1971.21</ele>
   </trkpt>
   <trkpt lat="-22.40509" lon="-44.910790000000006">
    <ele>1969.0800000000002</ele>
   </trkpt>
   <trkpt lat="-22.405" lon="-44.91078">
    <ele>1962.74</ele>
   </trkpt>
   <trkpt lat="-22.40491" lon="-44.910810000000005">
    <ele>1957.24</ele>
   </trkpt>
   <trkpt lat="-22.40484" lon="-44.910880000000006">
    <ele>1955.16</ele>
   </trkpt>
   <trkpt lat="-22.40471" lon="-44.911170000000006">
    <ele>1955.6700000000003</ele>
   </trkpt>
   <trkpt lat="-22.404570000000003" lon="-44.91134">
    <ele>1950.0100000000002</ele>
   </trkpt>
   <trkpt lat="-22.404380000000003" lon="-44.911460000000005">
    <ele>1939.17</ele>
   </trkpt>
   <trkpt lat="-22.40424" lon="-44.911590000000004">
    <ele>1933.39</ele>
   </trkpt>
   <trkpt lat="-22.40407" lon="-44.91171000000001">
    <ele>1930.0700000000002</ele>
   </trkpt>
   <trkpt lat="-22.40389" lon="-44.91180000000001">
    <ele>1928.6000000000001</ele>
   </trkpt>
   <trkpt lat="-22.4038" lon="-44.911820000000006">
    <ele>1928.39</ele>
   </trkpt>
   <trkpt lat="-22.40361" lon="-44.91180000000001">
    <ele>1917.6200000000001</ele>
   </trkpt>
   <trkpt lat="-22.40332" lon="-44.9119">
    <ele>1912.91</ele>
   </trkpt>
   <trkpt lat="-22.40312" lon="-44.9119">
    <ele>1905.46</ele>
   </trkpt>
   <trkpt lat="-22.40302" lon="-44.91192">
    <ele>1906.4800000000002</ele>
   </trkpt>
   <trkpt lat="-22.40293" lon="-44.91196">
    <ele>1906.2200000000003</ele>
   </trkpt>
   <trkpt lat="-22.40284" lon="-44.91203">
    <ele>1906.13</ele>
   </trkpt>
   <trkpt lat="-22.40276" lon="-44.912090000000006">
    <ele>1908.3400000000001</ele>
   </trkpt>
   <trkpt lat="-22.402690000000003" lon="-44.912180000000006">
    <ele>1911.3600000000001</ele>
   </trkpt>
   <trkpt lat="-22.402600000000003" lon="-44.912220000000005">
    <ele>1911.3600000000001</ele>
   </trkpt>
   <trkpt lat="-22.402410000000003" lon="-44.91227000000001">
    <ele>1909.0800000000002</ele>
   </trkpt>
   <trkpt lat="-22.402320000000003" lon="-44.91227000000001">
    <ele>1908.3100000000002</ele>
   </trkpt>
   <trkpt lat="-22.4022" lon="-44.91225">
    <ele>1907.7400000000002</ele>
   </trkpt>
   <trkpt lat="-22.40192" lon="-44.91214">
    <ele>1899.0000000000002</ele>
   </trkpt>
   <trkpt lat="-22.40173" lon="-44.912090000000006">
    <ele>1892.8200000000002</ele>
   </trkpt>
   <trkpt lat="-22.40142" lon="-44.912090000000006">
    <ele>1886.8400000000001</ele>
   </trkpt>
   <trkpt lat="-22.40123" lon="-44.912110000000006">
    <ele>1883.8400000000001</ele>
   </trkpt>
   <trkpt lat="-22.401100000000003" lon="-44.91227000000001">
    <ele>1891.1400000000003</ele>
   </trkpt>
   <trkpt lat="-22.400930000000002" lon="-44.912380000000006">
    <ele>1889.94</ele>
   </trkpt>
   <trkpt lat="-22.40079" lon="-44.912530000000004">
    <ele>1885.0600000000002</ele>
   </trkpt>
   <trkpt lat="-22.400730000000003" lon="-44.91272">
    <ele>1885.67</ele>
   </trkpt>
   <trkpt lat="-22.400740000000003" lon="-44.91293">
    <ele>1888.7600000000002</ele>
   </trkpt>
   <trkpt lat="-22.40067" lon="-44.913230000000006">
    <ele>1888.8700000000001</ele>
   </trkpt>
   <trkpt lat="-22.400460000000002" lon="-44.91346">
    <ele>1890.15</ele>
   </trkpt>
   <trkpt lat="-22.400370000000002" lon="-44.913500000000006">
    <ele>1889.8400000000001</ele>
   </trkpt>
   <trkpt lat="-22.400290000000002" lon="-44.91357000000001">
    <ele>1889.96</ele>
   </trkpt>
   <trkpt lat="-22.40011" lon="-44.91364">
    <ele>1890.75</ele>
   </trkpt>
   <trkpt lat="-22.40003" lon="-44.913700000000006">
    <ele>1890.65</ele>
   </trkpt>
   <trkpt lat="-22.39996" lon="-44.91362">
    <ele>1888.41</ele>
   </trkpt>
   <trkpt lat="-22.39993" lon="-44.913410000000006">
    <ele>1879.52</ele>
   </trkpt>
   <trkpt lat="-22.399870000000004" lon="-44.91333">
    <ele>1874.92</ele>
   </trkpt>
   <trkpt lat="-22.39977" lon="-44.91328">
    <ele>1872.98</ele>
   </trkpt>
   <trkpt lat="-22.39957" lon="-44.91328">
    <ele>1871.3300000000002</ele>
   </trkpt>
   <trkpt lat="-22.399500000000003" lon="-44.91321000000001">
    <ele>1868.54</ele>
   </trkpt>
   <trkpt lat="-22.399420000000003" lon="-44.913160000000005">
    <ele>1866.66</ele>
   </trkpt>
   <trkpt lat="-22.399340000000002" lon="-44.9132">
    <ele>1867.0700000000002</ele>
   </trkpt>
   <trkpt lat="-22.39927" lon="-44.913270000000004">
    <ele>1866.13</ele>
   </trkpt>
   <trkpt lat="-22.399230000000003" lon="-44.913360000000004">
    <ele>1867.05</ele>
   </trkpt>
   <trkpt lat="-22.39921" lon="-44.91346">
    <ele>1870.0200000000002</ele>
   </trkpt>
   <trkpt lat="-22.399130000000003" lon="-44.91364">
    <ele>1872.0100000000002</ele>
   </trkpt>
   <trkpt lat="-22.39908" lon="-44.913830000000004">
    <ele>1874.7300000000002</ele>
   </trkpt>
   <trkpt lat="-22.399060000000002" lon="-44.91404000000001">
    <ele>1875.63</ele>
   </trkpt>
   <trkpt lat="-22.3991" lon="-44.914680000000004">
    <ele>1883.1400000000003</ele>
   </trkpt>
   <trkpt lat="-22.399040000000003" lon="-44.91498000000001">
    <ele>1884.5800000000002</ele>
   </trkpt>
   <trkpt lat="-22.398970000000002" lon="-44.91518000000001">
    <ele>1882.0800000000002</ele>
   </trkpt>
   <trkpt lat="-22.398840000000003" lon="-44.91534">
    <ele>1878.15</ele>
   </trkpt>
   <trkpt lat="-22.398780000000002" lon="-44.91543">
    <ele>1877.0400000000002</ele>
   </trkpt>
   <trkpt lat="-22.398750000000003" lon="-44.91554000000001">
    <ele>1875.4700000000003</ele>
   </trkpt>
   <trkpt lat="-22.398670000000003" lon="-44.915580000000006">
    <ele>1873.17</ele>
   </trkpt>
   <trkpt lat="-22.398460000000004" lon="-44.915560000000006">
    <ele>1868.15</ele>
   </trkpt>
   <trkpt lat="-22.398280000000003" lon="-44.915620000000004">
    <ele>1861.66</ele>
   </trkpt>
   <trkpt lat="-22.398110000000003" lon="-44.9157">
    <ele>1856.3500000000001</ele>
   </trkpt>
   <trkpt lat="-22.398030000000002" lon="-44.91564">
    <ele>1854.45</ele>
   </trkpt>
   <trkpt lat="-22.397930000000002" lon="-44.91564">
    <ele>1850.91</ele>
   </trkpt>
   <trkpt lat="-22.397840000000002" lon="-44.915670000000006">
    <ele>1847.73</ele>
   </trkpt>
   <trkpt lat="-22.397750000000002" lon="-44.91568">
    <ele>1844.2200000000003</ele>
   </trkpt>
   <trkpt lat="-22.39757" lon="-44.915620000000004">
    <ele>1838.66</ele>
   </trkpt>
   <trkpt lat="-22.397470000000002" lon="-44.91563">
    <ele>1835.53</ele>
   </trkpt>
   <trkpt lat="-22.397280000000002" lon="-44.915620000000004">
    <ele>1825.44</ele>
   </trkpt>
   <trkpt lat="-22.3972" lon="-44.91559">
    <ele>1825.44</ele>
   </trkpt>
   <trkpt lat="-22.39711" lon="-44.91563">
    <ele>1823.5</ele>
   </trkpt>
   <trkpt lat="-22.39702" lon="-44.915600000000005">
    <ele>1822.99</ele>
   </trkpt>
   <trkpt lat="-22.39636" lon="-44.915670000000006">
    <ele>1830.8300000000002</ele>
   </trkpt>
   <trkpt lat="-22.39626" lon="-44.91566">
    <ele>1831.1100000000001</ele>
   </trkpt>
   <trkpt lat="-22.39608" lon="-44.915690000000005">
    <ele>1832.63</ele>
   </trkpt>
   <trkpt lat="-22.39592" lon="-44.915800000000004">
    <ele>1836.9400000000003</ele>
   </trkpt>
   <trkpt lat="-22.395740000000004" lon="-44.91588">
    <ele>1838.63</ele>
   </trkpt>
   <trkpt lat="-22.395650000000003" lon="-44.915890000000005">
    <ele>1839.2100000000003</ele>
   </trkpt>
   <trkpt lat="-22.39518000013214" lon="-44.91576999961681">
    <ele>1832.21</ele>
   </trkpt>
   <trkpt lat="-22.394710000000003" lon="-44.91565000000001">
    <ele>1817.89</ele>
   </trkpt>
   <trkpt lat="-22.394430000000003" lon="-44.91557">
    <ele>1807.5200000000002</ele>
   </trkpt>
   <trkpt lat="-22.394250000000003" lon="-44.91555">
    <ele>1805.9900000000002</ele>
   </trkpt>
   <trkpt lat="-22.394150000000003" lon="-44.91557">
    <ele>1804.92</ele>
   </trkpt>
   <trkpt lat="-22.39386" lon="-44.915510000000005">
    <ele>1796.3500000000001</ele>
   </trkpt>
   <trkpt lat="-22.39375" lon="-44.915510000000005">
    <ele>1792.2000000000003</ele>
   </trkpt>
   <trkpt lat="-22.39357" lon="-44.915620000000004">
    <ele>1784.85</ele>
   </trkpt>
   <trkpt lat="-22.39338" lon="-44.915670000000006">
    <ele>1780.63</ele>
   </trkpt>
   <trkpt lat="-22.393310000000003" lon="-44.91573">
    <ele>1777.47</ele>
   </trkpt>
   <trkpt lat="-22.393120000000003" lon="-44.915690000000005">
    <ele>1771.3400000000001</ele>
   </trkpt>
   <trkpt lat="-22.39299" lon="-44.915850000000006">
    <ele>1764.7800000000002</ele>
   </trkpt>
   <trkpt lat="-22.39292" lon="-44.9159">
    <ele>1759.33</ele>
   </trkpt>
   <trkpt lat="-22.392870000000002" lon="-44.91599">
    <ele>1756.21</ele>
   </trkpt>
   <trkpt lat="-22.39282" lon="-44.9162">
    <ele>1749.0800000000002</ele>
   </trkpt>
   <trkpt lat="-22.392870000000002" lon="-44.916290000000004">
    <ele>1746.4100000000003</ele>
   </trkpt>
   <trkpt lat="-22.393" lon="-44.91646">
    <ele>1743.44</ele>
   </trkpt>
   <trkpt lat="-22.393040000000003" lon="-44.916560000000004">
    <ele>1740.8100000000002</ele>
   </trkpt>
   <trkpt lat="-22.393060000000002" lon="-44.91666">
    <ele>1738.82</ele>
   </trkpt>
   <trkpt lat="-22.39301" lon="-44.916740000000004">
    <ele>1733.77</ele>
   </trkpt>
   <trkpt lat="-22.393040000000003" lon="-44.917060000000006">
    <ele>1726.73</ele>
   </trkpt>
   <trkpt lat="-22.393" lon="-44.91715000000001">
    <ele>1723.1900000000003</ele>
   </trkpt>
   <trkpt lat="-22.392930000000003" lon="-44.91722">
    <ele>1719.4</ele>
   </trkpt>
   <trkpt lat="-22.39291" lon="-44.91731">
    <ele>1716.16</ele>
   </trkpt>
   <trkpt lat="-22.392580000000002" lon="-44.917500000000004">
    <ele>1697.8600000000001</ele>
   </trkpt>
   <trkpt lat="-22.39251" lon="-44.91758">
    <ele>1694.1200000000001</ele>
   </trkpt>
   <trkpt lat="-22.392360000000004" lon="-44.9177">
    <ele>1687.5500000000002</ele>
   </trkpt>
   <trkpt lat="-22.392280000000003" lon="-44.91778">
    <ele>1684.47</ele>
   </trkpt>
   <trkpt lat="-22.39224" lon="-44.91787">
    <ele>1683.04</ele>
   </trkpt>
   <trkpt lat="-22.392180000000003" lon="-44.917950000000005">
    <ele>1679.16</ele>
   </trkpt>
   <trkpt lat="-22.39216" lon="-44.91805">
    <ele>1677.14</ele>
   </trkpt>
   <trkpt lat="-22.392010000000003" lon="-44.918150000000004">
    <ele>1669.01</ele>
   </trkpt>
   <trkpt lat="-22.391920000000002" lon="-44.918130000000005">
    <ele>1666.0100000000002</ele>
   </trkpt>
   <trkpt lat="-22.391830000000002" lon="-44.91817">
    <ele>1663.14</ele>
   </trkpt>
   <trkpt lat="-22.391640000000002" lon="-44.91819">
    <ele>1660.7200000000003</ele>
   </trkpt>
   <trkpt lat="-22.391550000000002" lon="-44.918240000000004">
    <ele>1658.46</ele>
   </trkpt>
   <trkpt lat="-22.391450000000003" lon="-44.91828">
    <ele>1654.8500000000001</ele>
   </trkpt>
   <trkpt lat="-22.391340000000003" lon="-44.91828">
    <ele>1651.8600000000001</ele>
   </trkpt>
   <trkpt lat="-22.391250000000003" lon="-44.91825">
    <ele>1650.5200000000002</ele>
   </trkpt>
   <trkpt lat="-22.391160000000003" lon="-44.918290000000006">
    <ele>1647.2300000000002</ele>
   </trkpt>
   <trkpt lat="-22.391050000000003" lon="-44.918310000000005">
    <ele>1644.15</ele>
   </trkpt>
   <trkpt lat="-22.390980000000003" lon="-44.918380000000006">
    <ele>1640.24</ele>
   </trkpt>
   <trkpt lat="-22.390900000000002" lon="-44.91857">
    <ele>1635.1000000000001</ele>
   </trkpt>
   <trkpt lat="-22.39083" lon="-44.91864">
    <ele>1632.3</ele>
   </trkpt>
   <trkpt lat="-22.390790000000003" lon="-44.91874000000001">
    <ele>1629.28</ele>
   </trkpt>
   <trkpt lat="-22.390700000000002" lon="-44.91879">
    <ele>1625.8000000000002</ele>
   </trkpt>
   <trkpt lat="-22.39064" lon="-44.91886">
    <ele>1621.94</ele>
   </trkpt>
   <trkpt lat="-22.39063" lon="-44.918960000000006">
    <ele>1619.76</ele>
   </trkpt>
   <trkpt lat="-22.39056" lon="-44.919050000000006">
    <ele>1616.77</ele>
   </trkpt>
   <trkpt lat="-22.39038" lon="-44.919070000000005">
    <ele>1610.39</ele>
   </trkpt>
   <trkpt lat="-22.39036" lon="-44.919160000000005">
    <ele>1606.71</ele>
   </trkpt>
   <trkpt lat="-22.390390000000004" lon="-44.91937">
    <ele>1602.74</ele>
   </trkpt>
   <trkpt lat="-22.39036" lon="-44.91948000000001">
    <ele>1599.3300000000002</ele>
   </trkpt>
   <trkpt lat="-22.39038" lon="-44.91969">
    <ele>1598.6100000000001</ele>
   </trkpt>
   <trkpt lat="-22.390340000000002" lon="-44.919790000000006">
    <ele>1595.89</ele>
   </trkpt>
   <trkpt lat="-22.390230000000003" lon="-44.9198">
    <ele>1592.5900000000001</ele>
   </trkpt>
   <trkpt lat="-22.39016" lon="-44.91975">
    <ele>1591.14</ele>
   </trkpt>
   <trkpt lat="-22.39007" lon="-44.91973">
    <ele>1588.5800000000002</ele>
   </trkpt>
   <trkpt lat="-22.390020000000003" lon="-44.919810000000005">
    <ele>1587.3600000000001</ele>
   </trkpt>
   <trkpt lat="-22.389830000000003" lon="-44.91986000000001">
    <ele>1580.44</ele>
   </trkpt>
   <trkpt lat="-22.389680000000002" lon="-44.91998">
    <ele>1573.5800000000002</ele>
   </trkpt>
   <trkpt lat="-22.389580000000002" lon="-44.92">
    <ele>1571.0700000000002</ele>
   </trkpt>
   <trkpt lat="-22.38951" lon="-44.91995000000001">
    <ele>1569.3100000000002</ele>
   </trkpt>
   <trkpt lat="-22.38932" lon="-44.919920000000005">
    <ele>1568.0</ele>
   </trkpt>
   <trkpt lat="-22.38923" lon="-44.91995000000001">
    <ele>1568.03</ele>
   </trkpt>
   <trkpt lat="-22.38897" lon="-44.92006000000001">
    <ele>1566.3200000000002</ele>
   </trkpt>
   <trkpt lat="-22.388890000000004" lon="-44.920120000000004">
    <ele>1562.8700000000001</ele>
   </trkpt>
   <trkpt lat="-22.388800000000003" lon="-44.920300000000005">
    <ele>1558.7900000000002</ele>
   </trkpt>
   <trkpt lat="-22.388800000000003" lon="-44.9204">
    <ele>1558.75</ele>
   </trkpt>
   <trkpt lat="-22.38878" lon="-44.92051">
    <ele>1558.65</ele>
   </trkpt>
   <trkpt lat="-22.388800000000003" lon="-44.92072">
    <ele>1556.64</ele>
   </trkpt>
   <trkpt lat="-22.38878" lon="-44.92083">
    <ele>1554.7300000000002</ele>
   </trkpt>
   <trkpt lat="-22.388740000000002" lon="-44.92094">
    <ele>1552.04</ele>
   </trkpt>
   <trkpt lat="-22.38857" lon="-44.921020000000006">
    <ele>1545.3300000000002</ele>
   </trkpt>
   <trkpt lat="-22.38838" lon="-44.92108">
    <ele>1542.13</ele>
   </trkpt>
   <trkpt lat="-22.38829" lon="-44.921060000000004">
    <ele>1539.6100000000001</ele>
   </trkpt>
   <trkpt lat="-22.3882" lon="-44.92109000000001">
    <ele>1539.6100000000001</ele>
   </trkpt>
   <trkpt lat="-22.38813" lon="-44.921170000000004">
    <ele>1533.2100000000003</ele>
   </trkpt>
   <trkpt lat="-22.388090000000002" lon="-44.921260000000004">
    <ele>1529.29</ele>
   </trkpt>
   <trkpt lat="-22.38802" lon="-44.921330000000005">
    <ele>1527.23</ele>
   </trkpt>
   <trkpt lat="-22.38794" lon="-44.92137">
    <ele>1524.7100000000003</ele>
   </trkpt>
   <trkpt lat="-22.38785" lon="-44.921400000000006">
    <ele>1522.22</ele>
   </trkpt>
   <trkpt lat="-22.387770000000003" lon="-44.92147000000001">
    <ele>1519.3200000000002</ele>
   </trkpt>
   <trkpt lat="-22.38776" lon="-44.92156000000001">
    <ele>1513.92</ele>
   </trkpt>
   <trkpt lat="-22.387690000000003" lon="-44.921640000000004">
    <ele>1509.27</ele>
   </trkpt>
   <trkpt lat="-22.387600000000003" lon="-44.921670000000006">
    <ele>1504.63</ele>
   </trkpt>
   <trkpt lat="-22.387510000000002" lon="-44.921640000000004">
    <ele>1503.3400000000001</ele>
   </trkpt>
   <trkpt lat="-22.387420000000002" lon="-44.921580000000006">
    <ele>1500.0500000000002</ele>
   </trkpt>
   <trkpt lat="-22.38735" lon="-44.921510000000005">
    <ele>1501.6100000000001</ele>
   </trkpt>
   <trkpt lat="-22.38727" lon="-44.92156000000001">
    <ele>1495.89</ele>
   </trkpt>
   <trkpt lat="-22.38709" lon="-44.921780000000005">
    <ele>1485.06</ele>
   </trkpt>
   <trkpt lat="-22.387" lon="-44.921730000000004">
    <ele>1483.65</ele>
   </trkpt>
   <trkpt lat="-22.38681" lon="-44.9217">
    <ele>1480.7100000000003</ele>
   </trkpt>
   <trkpt lat="-22.38662" lon="-44.92179">
    <ele>1471.99</ele>
   </trkpt>
   <trkpt lat="-22.386470000000003" lon="-44.921910000000004">
    <ele>1462.23</ele>
   </trkpt>
   <trkpt lat="-22.386290000000002" lon="-44.92201">
    <ele>1458.49</ele>
   </trkpt>
   <trkpt lat="-22.386120000000002" lon="-44.92211">
    <ele>1448.2</ele>
   </trkpt>
   <trkpt lat="-22.38594" lon="-44.92219">
    <ele>1442.5</ele>
   </trkpt>
   <trkpt lat="-22.38584" lon="-44.922200000000004">
    <ele>1442.5</ele>
   </trkpt>
   <trkpt lat="-22.38576" lon="-44.922250000000005">
    <ele>1438.19</ele>
   </trkpt>
   <trkpt lat="-22.38556" lon="-44.92246">
    <ele>1426.8</ele>
   </trkpt>
   <trkpt lat="-22.38547" lon="-44.92266">
    <ele>1423.72</ele>
   </trkpt>
   <trkpt lat="-22.385330000000003" lon="-44.922790000000006">
    <ele>1414.95</ele>
   </trkpt>
   <trkpt lat="-22.3853" lon="-44.92289">
    <ele>1413.3200000000002</ele>
   </trkpt>
   <trkpt lat="-22.385180000000002" lon="-44.92305">
    <ele>1407.6200000000001</ele>
   </trkpt>
   <trkpt lat="-22.38509" lon="-44.92305">
    <ele>1406.2100000000003</ele>
   </trkpt>
   <trkpt lat="-22.38492" lon="-44.923120000000004">
    <ele>1398.2</ele>
   </trkpt>
   <trkpt lat="-22.38482" lon="-44.92313">
    <ele>1395.61</ele>
   </trkpt>
   <trkpt lat="-22.38475" lon="-44.923190000000005">
    <ele>1390.26</ele>
   </trkpt>
   <trkpt lat="-22.38466" lon="-44.923210000000005">
    <ele>1387.73</ele>
   </trkpt>
   <trkpt lat="-22.384590000000003" lon="-44.92329">
    <ele>1382.5900000000001</ele>
   </trkpt>
   <trkpt lat="-22.384490000000003" lon="-44.923300000000005">
    <ele>1380.57</ele>
   </trkpt>
   <trkpt lat="-22.384200000000003" lon="-44.92356">
    <ele>1367.73</ele>
   </trkpt>
   <trkpt lat="-22.384030000000003" lon="-44.92381">
    <ele>1357.5900000000001</ele>
   </trkpt>
   <trkpt lat="-22.384" lon="-44.92392">
    <ele>1353.08</ele>
   </trkpt>
   <trkpt lat="-22.384" lon="-44.924020000000006">
    <ele>1353.08</ele>
   </trkpt>
   <trkpt lat="-22.38387" lon="-44.9243">
    <ele>1342.92</ele>
   </trkpt>
   <trkpt lat="-22.38381" lon="-44.9245">
    <ele>1337.18</ele>
   </trkpt>
   <trkpt lat="-22.383770000000002" lon="-44.92459">
    <ele>1334.78</ele>
   </trkpt>
   <trkpt lat="-22.3837" lon="-44.92465000000001">
    <ele>1332.1100000000001</ele>
   </trkpt>
   <trkpt lat="-22.383550000000003" lon="-44.92492">
    <ele>1324.72</ele>
   </trkpt>
   <trkpt lat="-22.38343" lon="-44.925090000000004">
    <ele>1319.71</ele>
   </trkpt>
   <trkpt lat="-22.38332" lon="-44.925380000000004">
    <ele>1314.19</ele>
   </trkpt>
   <trkpt lat="-22.38316" lon="-44.92550000000001">
    <ele>1313.08</ele>
   </trkpt>
   <trkpt lat="-22.382900000000003" lon="-44.925630000000005">
    <ele>1307.8</ele>
   </trkpt>
   <trkpt lat="-22.382810000000003" lon="-44.92566">
    <ele>1305.5400000000002</ele>
   </trkpt>
   <trkpt lat="-22.382530000000003" lon="-44.92573">
    <ele>1301.2800000000002</ele>
   </trkpt>
   <trkpt lat="-22.382440000000003" lon="-44.92578">
    <ele>1300.21</ele>
   </trkpt>
   <trkpt lat="-22.38229" lon="-44.925900000000006">
    <ele>1298.72</ele>
   </trkpt>
   <trkpt lat="-22.381880000000002" lon="-44.92634">
    <ele>1287.65</ele>
   </trkpt>
   <trkpt lat="-22.381790000000002" lon="-44.92663">
    <ele>1280.07</ele>
   </trkpt>
   <trkpt lat="-22.38181" lon="-44.927240000000005">
    <ele>1264.67</ele>
   </trkpt>
   <trkpt lat="-22.38175" lon="-44.92732">
    <ele>1264.67</ele>
   </trkpt>
   <trkpt lat="-22.38155" lon="-44.92728">
    <ele>1269.2800000000002</ele>
   </trkpt>
   <trkpt lat="-22.381570000000004" lon="-44.92738000000001">
    <ele>1267.7900000000002</ele>
   </trkpt>
   <trkpt lat="-22.38162" lon="-44.92748">
    <ele>1265.95</ele>
   </trkpt>
   <trkpt lat="-22.381680000000003" lon="-44.92756000000001">
    <ele>1261.02</ele>
   </trkpt>
   <trkpt lat="-22.38175" lon="-44.92763">
    <ele>1252.7700000000002</ele>
   </trkpt>
   <trkpt lat="-22.381850000000004" lon="-44.927670000000006">
    <ele>1252.7700000000002</ele>
   </trkpt>
   <trkpt lat="-22.38194" lon="-44.92766">
    <ele>1249.41</ele>
   </trkpt>
   <trkpt lat="-22.38203" lon="-44.927620000000005">
    <ele>1245.8200000000002</ele>
   </trkpt>
   <trkpt lat="-22.38211" lon="-44.92756000000001">
    <ele>1243.8700000000001</ele>
   </trkpt>
   <trkpt lat="-22.3823" lon="-44.927330000000005">
    <ele>1244.94</ele>
   </trkpt>
   <trkpt lat="-22.382450000000002" lon="-44.92719">
    <ele>1245.03</ele>
   </trkpt>
   <trkpt lat="-22.382540000000002" lon="-44.92714">
    <ele>1244.3000000000002</ele>
   </trkpt>
   <trkpt lat="-22.382620000000003" lon="-44.9271">
    <ele>1243.53</ele>
   </trkpt>
   <trkpt lat="-22.382720000000003" lon="-44.92709000000001">
    <ele>1244.01</ele>
   </trkpt>
   <trkpt lat="-22.382810000000003" lon="-44.9271">
    <ele>1241.26</ele>
   </trkpt>
   <trkpt lat="-22.382910000000003" lon="-44.927080000000004">
    <ele>1242.51</ele>
   </trkpt>
   <trkpt lat="-22.382990000000003" lon="-44.927130000000005">
    <ele>1240.7100000000003</ele>
   </trkpt>
   <trkpt lat="-22.38297" lon="-44.927240000000005">
    <ele>1235.65</ele>
   </trkpt>
   <trkpt lat="-22.382920000000002" lon="-44.927330000000005">
    <ele>1230.55</ele>
   </trkpt>
   <trkpt lat="-22.382890000000003" lon="-44.927420000000005">
    <ele>1230.55</ele>
   </trkpt>
   <trkpt lat="-22.382820000000002" lon="-44.927730000000004">
    <ele>1223.38</ele>
   </trkpt>
   <trkpt lat="-22.38276" lon="-44.927800000000005">
    <ele>1221.46</ele>
   </trkpt>
   <trkpt lat="-22.38259" lon="-44.927890000000005">
    <ele>1222.3000000000002</ele>
   </trkpt>
   <trkpt lat="-22.382550000000002" lon="-44.92799">
    <ele>1221.17</ele>
   </trkpt>
   <trkpt lat="-22.382640000000002" lon="-44.92806">
    <ele>1216.94</ele>
   </trkpt>
   <trkpt lat="-22.382830000000002" lon="-44.92813">
    <ele>1215.23</ele>
   </trkpt>
   <trkpt lat="-22.383020000000002" lon="-44.928160000000005">
    <ele>1215.0100000000002</ele>
   </trkpt>
   <trkpt lat="-22.38305" lon="-44.92826">
    <ele>1215.0100000000002</ele>
   </trkpt>
   <trkpt lat="-22.38304" lon="-44.92837">
    <ele>1215.2500000000002</ele>
   </trkpt>
   <trkpt lat="-22.38297" lon="-44.928560000000004">
    <ele>1216.19</ele>
   </trkpt>
   <trkpt lat="-22.38295" lon="-44.92877000000001">
    <ele>1210.7400000000002</ele>
   </trkpt>
   <trkpt lat="-22.382980000000003" lon="-44.92898">
    <ele>1208.3400000000001</ele>
   </trkpt>
   <trkpt lat="-22.383020000000002" lon="-44.92907">
    <ele>1205.39</ele>
   </trkpt>
   <trkpt lat="-22.383450000000003" lon="-44.929610000000004">
    <ele>1198.7800000000002</ele>
   </trkpt>
   <trkpt lat="-22.383490000000002" lon="-44.929700000000004">
    <ele>1198.16</ele>
   </trkpt>
   <trkpt lat="-22.38352" lon="-44.9299">
    <ele>1193.96</ele>
   </trkpt>
   <trkpt lat="-22.383550000000003" lon="-44.930400000000006">
    <ele>1183.19</ele>
   </trkpt>
   <trkpt lat="-22.383580000000002" lon="-44.930600000000005">
    <ele>1177.8600000000001</ele>
   </trkpt>
   <trkpt lat="-22.383740000000003" lon="-44.93085000000001">
    <ele>1175.43</ele>
   </trkpt>
   <trkpt lat="-22.383940000000003" lon="-44.931200000000004">
    <ele>1170.83</ele>
   </trkpt>
   <trkpt lat="-22.384010000000004" lon="-44.931270000000005">
    <ele>1169.46</ele>
   </trkpt>
   <trkpt lat="-22.38438" lon="-44.93148">
    <ele>1173.39</ele>
   </trkpt>
   <trkpt lat="-22.38454" lon="-44.93164">
    <ele>1166.71</ele>
   </trkpt>
   <trkpt lat="-22.38463" lon="-44.93184">
    <ele>1162.3400000000001</ele>
   </trkpt>
   <trkpt lat="-22.384710000000002" lon="-44.93215000000001">
    <ele>1158.97</ele>
   </trkpt>
   <trkpt lat="-22.384760000000004" lon="-44.93226000000001">
    <ele>1158.0700000000002</ele>
   </trkpt>
   <trkpt lat="-22.38484" lon="-44.93234">
    <ele>1158.0700000000002</ele>
   </trkpt>
   <trkpt lat="-22.38493" lon="-44.932390000000005">
    <ele>1157.19</ele>
   </trkpt>
   <trkpt lat="-22.38503" lon="-44.93242">
    <ele>1154.89</ele>
   </trkpt>
   <trkpt lat="-22.38512" lon="-44.93238">
    <ele>1153.75</ele>
   </trkpt>
   <trkpt lat="-22.385150000000003" lon="-44.932280000000006">
    <ele>1154.02</ele>
   </trkpt>
   <trkpt lat="-22.38512" lon="-44.932050000000004">
    <ele>1156.6000000000001</ele>
   </trkpt>
   <trkpt lat="-22.385180000000002" lon="-44.93195">
    <ele>1154.08</ele>
   </trkpt>
   <trkpt lat="-22.385270000000002" lon="-44.93191">
    <ele>1154.08</ele>
   </trkpt>
   <trkpt lat="-22.38537" lon="-44.93191">
    <ele>1152.0700000000002</ele>
   </trkpt>
   <trkpt lat="-22.38548" lon="-44.931940000000004">
    <ele>1151.2900000000002</ele>
   </trkpt>
   <trkpt lat="-22.38557" lon="-44.93198">
    <ele>1148.08</ele>
   </trkpt>
   <trkpt lat="-22.385640000000002" lon="-44.932050000000004">
    <ele>1147.3300000000002</ele>
   </trkpt>
   <trkpt lat="-22.385700000000003" lon="-44.932140000000004">
    <ele>1145.31</ele>
   </trkpt>
   <trkpt lat="-22.38575" lon="-44.932370000000006">
    <ele>1140.7900000000002</ele>
   </trkpt>
   <trkpt lat="-22.385730000000002" lon="-44.932700000000004">
    <ele>1133.75</ele>
   </trkpt>
   <trkpt lat="-22.38575" lon="-44.93281">
    <ele>1131.55</ele>
   </trkpt>
   <trkpt lat="-22.38584" lon="-44.93301">
    <ele>1127.73</ele>
   </trkpt>
   <trkpt lat="-22.386020000000002" lon="-44.933260000000004">
    <ele>1125.38</ele>
   </trkpt>
   <trkpt lat="-22.38603" lon="-44.93336">
    <ele>1124.53</ele>
   </trkpt>
   <trkpt lat="-22.38595" lon="-44.93343">
    <ele>1124.3899999999999</ele>
   </trkpt>
   <trkpt lat="-22.385520000000003" lon="-44.933690000000006">
    <ele>1124.6200000000001</ele>
   </trkpt>
   <trkpt lat="-22.385360000000002" lon="-44.93385000000001">
    <ele>1118.3899999999999</ele>
   </trkpt>
   <trkpt lat="-22.38537" lon="-44.93415">
    <ele>1113.63</ele>
   </trkpt>
   <trkpt lat="-22.38519" lon="-44.93477">
    <ele>1101.3300000000002</ele>
   </trkpt>
   <trkpt lat="-22.3853" lon="-44.9356">
    <ele>1086.81</ele>
   </trkpt>
   <trkpt lat="-22.3853" lon="-44.93614">
    <ele>1077.01</ele>
   </trkpt>
   <trkpt lat="-22.38548" lon="-44.93688">
    <ele>1065.2400000000002</ele>
   </trkpt>
   <trkpt lat="-22.385460000000002" lon="-44.93737">
    <ele>1057.22</ele>
   </trkpt>
   <trkpt lat="-22.38537" lon="-44.93762">
    <ele>1050.91</ele>
   </trkpt>
   <trkpt lat="-22.384980000000002" lon="-44.93804">
    <ele>1041.1000000000001</ele>
   </trkpt>
   <trkpt lat="-22.384700000000002" lon="-44.93849">
    <ele>1034.65</ele>
   </trkpt>
   <trkpt lat="-22.384520000000002" lon="-44.93898">
    <ele>1028.7700000000002</ele>
   </trkpt>
   <trkpt lat="-22.384520000000002" lon="-44.939080000000004">
    <ele>1028.6200000000001</ele>
   </trkpt>
   <trkpt lat="-22.38421500175806" lon="-44.93982500150494">
    <ele>1021.4300000000001</ele>
   </trkpt>
   <trkpt lat="-22.38391" lon="-44.94057">
    <ele>1013.83</ele>
   </trkpt>
   <trkpt lat="-22.38388" lon="-44.94107">
    <ele>1010.2800000000001</ele>
   </trkpt>
   <trkpt lat="-22.38359" lon="-44.94145">
    <ele>1003.7800000000001</ele>
   </trkpt>
   <trkpt lat="-22.383390000000002" lon="-44.94212">
    <ele>997.7300000000001</ele>
   </trkpt>
   <trkpt lat="-22.38322500070033" lon="-44.942590000496">
    <ele>991.84</ele>
   </trkpt>
   <trkpt lat="-22.38306" lon="-44.94306">
    <ele>987.3100000000001</ele>
   </trkpt>
   <trkpt lat="-22.38293" lon="-44.94382">
    <ele>980.6700000000001</ele>
   </trkpt>
   <trkpt lat="-22.382640000000002" lon="-44.94449">
    <ele>976.7800000000001</ele>
   </trkpt>
   <trkpt lat="-22.38237" lon="-44.94525">
    <ele>969.9000000000001</ele>
   </trkpt>
   <trkpt lat="-22.382170000000002" lon="-44.945660000000004">
    <ele>967.85</ele>
   </trkpt>
   <trkpt lat="-22.381790000000002" lon="-44.94588">
    <ele>965.95</ele>
   </trkpt>
   <trkpt lat="-22.381610000000002" lon="-44.94595">
    <ele>962.0200000000001</ele>
   </trkpt>
   <trkpt lat="-22.38137" lon="-44.94619">
    <ele>960.6600000000001</ele>
   </trkpt>
   <trkpt lat="-22.381330000000002" lon="-44.94671">
    <ele>956.22</ele>
   </trkpt>
   <trkpt lat="-22.38127" lon="-44.94702">
    <ele>954.2700000000001</ele>
   </trkpt>
   <trkpt lat="-22.381120000693937" lon="-44.947490000458984">
    <ele>951.86</ele>
   </trkpt>
   <trkpt lat="-22.38097" lon="-44.94796">
    <ele>947.09</ele>
   </trkpt>
   <trkpt lat="-22.380950000000002" lon="-44.94843">
    <ele>941.73</ele>
   </trkpt>
   <trkpt lat="-22.38091" lon="-44.94872">
    <ele>939.6700000000001</ele>
   </trkpt>
   <trkpt lat="-22.381374999899645" lon="-44.94856000059631">
    <ele>941.7200000000001</ele>
   </trkpt>
   <trkpt lat="-22.38184" lon="-44.94840000000001">
    <ele>944.71</ele>
   </trkpt>
   <trkpt lat="-22.38270333377003" lon="-44.9481366699316">
    <ele>947.88</ele>
   </trkpt>
   <trkpt lat="-22.38356666711393" lon="-44.94787333659511">
    <ele>951.88</ele>
   </trkpt>
   <trkpt lat="-22.384430000000002" lon="-44.947610000000005">
    <ele>955.7700000000001</ele>
   </trkpt>
   <trkpt lat="-22.38499499990049" lon="-44.94746000065399">
    <ele>958.71</ele>
   </trkpt>
   <trkpt lat="-22.38556" lon="-44.94731">
    <ele>964.19</ele>
   </trkpt>
   <trkpt lat="-22.38579" lon="-44.94729">
    <ele>965.7500000000001</ele>
   </trkpt>
   <trkpt lat="-22.38606" lon="-44.94729">
    <ele>967.0500000000001</ele>
   </trkpt>
   <trkpt lat="-22.38634" lon="-44.94735">
    <ele>967.37</ele>
   </trkpt>
   <trkpt lat="-22.386480000000002" lon="-44.94753">
    <ele>967.3100000000001</ele>
   </trkpt>
   <trkpt lat="-22.386750000000003" lon="-44.94771">
    <ele>967.74</ele>
   </trkpt>
   <trkpt lat="-22.38716" lon="-44.94787">
    <ele>969.2900000000001</ele>
   </trkpt>
   <trkpt lat="-22.387520000000002" lon="-44.94805">
    <ele>971.44</ele>
   </trkpt>
   <trkpt lat="-22.38764" lon="-44.94809">
    <ele>971.6800000000001</ele>
   </trkpt>
   <trkpt lat="-22.38785" lon="-44.94812">
    <ele>973.3800000000001</ele>
   </trkpt>
   <trkpt lat="-22.38804" lon="-44.94794">
    <ele>977.3900000000001</ele>
   </trkpt>
   <trkpt lat="-22.38838" lon="-44.94753">
    <ele>979.7600000000001</ele>
   </trkpt>
   <trkpt lat="-22.38887" lon="-44.94733">
    <ele>982.82</ele>
   </trkpt>
   <trkpt lat="-22.389310000000002" lon="-44.94709">
    <ele>985.46</ele>
   </trkpt>
   <trkpt lat="-22.389860000000002" lon="-44.94715">
    <ele>990.5100000000001</ele>
   </trkpt>
   <trkpt lat="-22.39026" lon="-44.94697">
    <ele>996.47</ele>
   </trkpt>
   <trkpt lat="-22.390710000000002" lon="-44.946960000000004">
    <ele>1004.1900000000002</ele>
   </trkpt>
   <trkpt lat="-22.39157" lon="-44.947050000000004">
    <ele>1025.1000000000001</ele>
   </trkpt>
   <trkpt lat="-22.39214500015452" lon="-44.94691000055592">
    <ele>1031.86</ele>
   </trkpt>
   <trkpt lat="-22.39272" lon="-44.94677">
    <ele>1039.8500000000001</ele>
   </trkpt>
   <trkpt lat="-22.393230000000003" lon="-44.94673">
    <ele>1047.45</ele>
   </trkpt>
   <trkpt lat="-22.393710000000002" lon="-44.9468">
    <ele>1060.95</ele>
   </trkpt>
   <trkpt lat="-22.394095000252317" lon="-44.94714499894302">
    <ele>1072.24</ele>
   </trkpt>
   <trkpt lat="-22.39448" lon="-44.94749">
    <ele>1083.8000000000002</ele>
   </trkpt>
   <trkpt lat="-22.395070000123468" lon="-44.94764666532982">
    <ele>1099.69</ele>
   </trkpt>
   <trkpt lat="-22.395660000096036" lon="-44.947803331989185">
    <ele>1110.7</ele>
   </trkpt>
   <trkpt lat="-22.396250000000002" lon="-44.94796">
    <ele>1115.51</ele>
   </trkpt>
   <trkpt lat="-22.39645" lon="-44.94825">
    <ele>1116.8</ele>
   </trkpt>
   <trkpt lat="-22.39658" lon="-44.948570000000004">
    <ele>1117.7400000000002</ele>
   </trkpt>
   <trkpt lat="-22.396600000000003" lon="-44.94876000000001">
    <ele>1114.38</ele>
   </trkpt>
   <trkpt lat="-22.39657" lon="-44.94912">
    <ele>1110.05</ele>
   </trkpt>
   <trkpt lat="-22.396500000000003" lon="-44.949540000000006">
    <ele>1104.26</ele>
   </trkpt>
   <trkpt lat="-22.396500000000003" lon="-44.94955">
    <ele>1104.21</ele>
   </trkpt>
   <trkpt lat="-22.39636" lon="-44.949540000000006">
    <ele>1109.92</ele>
   </trkpt>
   <trkpt lat="-22.396240000000002" lon="-44.949740000000006">
    <ele>1108.2</ele>
   </trkpt>
   <trkpt lat="-22.39607" lon="-44.949850000000005">
    <ele>1112.84</ele>
   </trkpt>
   <trkpt lat="-22.39599" lon="-44.94993">
    <ele>1113.4</ele>
   </trkpt>
   <trkpt lat="-22.39592" lon="-44.95002">
    <ele>1111.78</ele>
   </trkpt>
   <trkpt lat="-22.39583" lon="-44.95008000000001">
    <ele>1114.45</ele>
   </trkpt>
   <trkpt lat="-22.39563" lon="-44.950120000000005">
    <ele>1118.3700000000001</ele>
   </trkpt>
   <trkpt lat="-22.39525" lon="-44.95031">
    <ele>1114.4</ele>
   </trkpt>
   <trkpt lat="-22.39506" lon="-44.950390000000006">
    <ele>1114.8500000000001</ele>
   </trkpt>
   <trkpt lat="-22.39498" lon="-44.950450000000004">
    <ele>1112.12</ele>
   </trkpt>
   <trkpt lat="-22.39487" lon="-44.950630000000004">
    <ele>1109.28</ele>
   </trkpt>
   <trkpt lat="-22.394730000000003" lon="-44.95078">
    <ele>1111.5900000000001</ele>
   </trkpt>
   <trkpt lat="-22.39468" lon="-44.950860000000006">
    <ele>1114.51</ele>
   </trkpt>
   <trkpt lat="-22.394640000000003" lon="-44.951100000000004">
    <ele>1113.64</ele>
   </trkpt>
   <trkpt lat="-22.394560000000002" lon="-44.95131000000001">
    <ele>1110.71</ele>
   </trkpt>
   <trkpt lat="-22.394560000000002" lon="-44.95141">
    <ele>1108.88</ele>
   </trkpt>
   <trkpt lat="-22.39461" lon="-44.9515">
    <ele>1104.0500000000002</ele>
   </trkpt>
   <trkpt lat="-22.394620000000003" lon="-44.951600000000006">
    <ele>1103.42</ele>
   </trkpt>
   <trkpt lat="-22.394520000000004" lon="-44.951930000000004">
    <ele>1107.3700000000001</ele>
   </trkpt>
   <trkpt lat="-22.39449" lon="-44.95228">
    <ele>1100.78</ele>
   </trkpt>
   <trkpt lat="-22.394430000000003" lon="-44.952490000000004">
    <ele>1096.8999999999999</ele>
   </trkpt>
   <trkpt lat="-22.39439" lon="-44.95259">
    <ele>1094.78</ele>
   </trkpt>
   <trkpt lat="-22.394180000000002" lon="-44.952830000000006">
    <ele>1096.45</ele>
   </trkpt>
   <trkpt lat="-22.3941" lon="-44.952890000000004">
    <ele>1095.94</ele>
   </trkpt>
   <trkpt lat="-22.393810000000002" lon="-44.953">
    <ele>1105.39</ele>
   </trkpt>
   <trkpt lat="-22.393790000000003" lon="-44.953100000000006">
    <ele>1100.8200000000002</ele>
   </trkpt>
   <trkpt lat="-22.39382" lon="-44.953340000000004">
    <ele>1093.8300000000002</ele>
   </trkpt>
   <trkpt lat="-22.393790000000003" lon="-44.953680000000006">
    <ele>1087.85</ele>
   </trkpt>
   <trkpt lat="-22.39375" lon="-44.953790000000005">
    <ele>1088.27</ele>
   </trkpt>
   <trkpt lat="-22.393680000000003" lon="-44.953880000000005">
    <ele>1089.0000000000002</ele>
   </trkpt>
   <trkpt lat="-22.393590000000003" lon="-44.95391">
    <ele>1090.7300000000002</ele>
   </trkpt>
   <trkpt lat="-22.39329" lon="-44.9538">
    <ele>1094.8999999999999</ele>
   </trkpt>
   <trkpt lat="-22.3932" lon="-44.9538">
    <ele>1094.46</ele>
   </trkpt>
   <trkpt lat="-22.39298" lon="-44.95385">
    <ele>1090.46</ele>
   </trkpt>
   <trkpt lat="-22.39288" lon="-44.95385">
    <ele>1088.51</ele>
   </trkpt>
   <trkpt lat="-22.39269" lon="-44.953810000000004">
    <ele>1087.39</ele>
   </trkpt>
   <trkpt lat="-22.392490000000002" lon="-44.95371">
    <ele>1086.8300000000002</ele>
   </trkpt>
   <trkpt lat="-22.392380000000003" lon="-44.953720000000004">
    <ele>1083.6200000000001</ele>
   </trkpt>
   <trkpt lat="-22.392200000000003" lon="-44.953810000000004">
    <ele>1076.63</ele>
   </trkpt>
   <trkpt lat="-22.392120000000002" lon="-44.953880000000005">
    <ele>1072.33</ele>
   </trkpt>
   <trkpt lat="-22.39205" lon="-44.953970000000005">
    <ele>1069.8100000000002</ele>
   </trkpt>
   <trkpt lat="-22.391900000000003" lon="-44.95429">
    <ele>1064.7300000000002</ele>
   </trkpt>
   <trkpt lat="-22.39177" lon="-44.95472">
    <ele>1063.22</ele>
   </trkpt>
   <trkpt lat="-22.39177" lon="-44.95483">
    <ele>1064.99</ele>
   </trkpt>
   <trkpt lat="-22.39169" lon="-44.95512">
    <ele>1069.44</ele>
   </trkpt>
   <trkpt lat="-22.3917" lon="-44.955330000000004">
    <ele>1070.88</ele>
   </trkpt>
   <trkpt lat="-22.39168" lon="-44.95553">
    <ele>1073.6000000000001</ele>
   </trkpt>
   <trkpt lat="-22.391630000000003" lon="-44.95572000000001">
    <ele>1073.82</ele>
   </trkpt>
   <trkpt lat="-22.391630000000003" lon="-44.956030000000005">
    <ele>1070.1900000000003</ele>
   </trkpt>
   <trkpt lat="-22.39166" lon="-44.95624">
    <ele>1064.13</ele>
   </trkpt>
   <trkpt lat="-22.39168" lon="-44.95655000000001">
    <ele>1058.81</ele>
   </trkpt>
   <trkpt lat="-22.391730000000003" lon="-44.95675000000001">
    <ele>1056.6200000000001</ele>
   </trkpt>
   <trkpt lat="-22.391740000000002" lon="-44.95696">
    <ele>1055.3100000000002</ele>
   </trkpt>
   <trkpt lat="-22.391810000000003" lon="-44.957150000000006">
    <ele>1052.89</ele>
   </trkpt>
   <trkpt lat="-22.391840000000002" lon="-44.95734">
    <ele>1048.06</ele>
   </trkpt>
   <trkpt lat="-22.391840000000002" lon="-44.957440000000005">
    <ele>1044.93</ele>
   </trkpt>
   <trkpt lat="-22.39178" lon="-44.95752">
    <ele>1044.33</ele>
   </trkpt>
   <trkpt lat="-22.39177" lon="-44.957620000000006">
    <ele>1041.8</ele>
   </trkpt>
   <trkpt lat="-22.39177" lon="-44.957820000000005">
    <ele>1039.2100000000003</ele>
   </trkpt>
   <trkpt lat="-22.391800000000003" lon="-44.95801">
    <ele>1031.8100000000002</ele>
   </trkpt>
   <trkpt lat="-22.39177" lon="-44.9581">
    <ele>1028.3600000000001</ele>
   </trkpt>
   <trkpt lat="-22.3916" lon="-44.95819">
    <ele>1025.64</ele>
   </trkpt>
   <trkpt lat="-22.391520000000003" lon="-44.95826">
    <ele>1021.7700000000001</ele>
   </trkpt>
   <trkpt lat="-22.391360000000002" lon="-44.958330000000004">
    <ele>1015.2100000000002</ele>
   </trkpt>
   <trkpt lat="-22.391340000000003" lon="-44.958540000000006">
    <ele>1008.1</ele>
   </trkpt>
   <trkpt lat="-22.391280000000002" lon="-44.95853">
    <ele>1009.5899999999999</ele>
   </trkpt>
   <trkpt lat="-22.391080000000002" lon="-44.95864">
    <ele>1008.68</ele>
   </trkpt>
   <trkpt lat="-22.39091" lon="-44.958870000000005">
    <ele>1007.2700000000001</ele>
   </trkpt>
   <trkpt lat="-22.39067" lon="-44.95962">
    <ele>999.6600000000001</ele>
   </trkpt>
   <trkpt lat="-22.39066" lon="-44.95964">
    <ele>999.6600000000001</ele>
   </trkpt>
   <trkpt lat="-22.390520000000002" lon="-44.95967">
    <ele>997.95</ele>
   </trkpt>
   <trkpt lat="-22.390340000000002" lon="-44.95951">
    <ele>995.9700000000001</ele>
   </trkpt>
   <trkpt lat="-22.39026" lon="-44.95931">
    <ele>995.0500000000001</ele>
   </trkpt>
   <trkpt lat="-22.390330000000002" lon="-44.95909">
    <ele>994.82</ele>
   </trkpt>
   <trkpt lat="-22.390700000000002" lon="-44.95866">
    <ele>992.5300000000001</ele>
   </trkpt>
   <trkpt lat="-22.39084" lon="-44.95844">
    <ele>990.2900000000001</ele>
   </trkpt>
   <trkpt lat="-22.390810000000002" lon="-44.95832">
    <ele>989.6400000000001</ele>
   </trkpt>
   <trkpt lat="-22.390330000000002" lon="-44.95783">
    <ele>979.11</ele>
   </trkpt>
   <trkpt lat="-22.39016" lon="-44.95774">
    <ele>977.2700000000001</ele>
   </trkpt>
   <trkpt lat="-22.39001" lon="-44.957750000000004">
    <ele>975.9200000000001</ele>
   </trkpt>
   <trkpt lat="-22.38934" lon="-44.9583">
    <ele>961.7200000000001</ele>
   </trkpt>
   <trkpt lat="-22.38915" lon="-44.9587">
    <ele>954.6300000000001</ele>
   </trkpt>
   <trkpt lat="-22.38914" lon="-44.95871">
    <ele>954.4200000000001</ele>
   </trkpt>
   <trkpt lat="-22.389110000000002" lon="-44.95879">
    <ele>953.5600000000001</ele>
   </trkpt>
   <trkpt lat="-22.389110000000002" lon="-44.95902">
    <ele>951.96</ele>
   </trkpt>
   <trkpt lat="-22.38916" lon="-44.95973">
    <ele>948.46</ele>
   </trkpt>
   <trkpt lat="-22.389200000000002" lon="-44.96">
    <ele>946.5300000000001</ele>
   </trkpt>
   <trkpt lat="-22.38914" lon="-44.9602">
    <ele>944.83</ele>
   </trkpt>
   <trkpt lat="-22.38913" lon="-44.96041">
    <ele>942.2300000000001</ele>
   </trkpt>
   <trkpt lat="-22.38916" lon="-44.96065">
    <ele>940.95</ele>
   </trkpt>
   <trkpt lat="-22.38933" lon="-44.96119">
    <ele>934.33</ele>
   </trkpt>
   <trkpt lat="-22.389390000000002" lon="-44.96175">
    <ele>931.0500000000001</ele>
   </trkpt>
   <trkpt lat="-22.38954" lon="-44.96222">
    <ele>926.45</ele>
   </trkpt>
   <trkpt lat="-22.38979" lon="-44.962610000000005">
    <ele>924.46</ele>
   </trkpt>
   <trkpt lat="-22.390140000000002" lon="-44.96247">
    <ele>924.36</ele>
   </trkpt>
   <trkpt lat="-22.390710000000002" lon="-44.96242">
    <ele>924.8000000000001</ele>
   </trkpt>
   <trkpt lat="-22.39103" lon="-44.96244">
    <ele>925.34</ele>
   </trkpt>
   <trkpt lat="-22.39121" lon="-44.962480000000006">
    <ele>925.54</ele>
   </trkpt>
   <trkpt lat="-22.39122" lon="-44.962480000000006">
    <ele>920.73</ele>
   </trkpt>
   <trkpt lat="-22.39122" lon="-44.96284000000001">
    <ele>919.95</ele>
   </trkpt>
   <trkpt lat="-22.391860001525796" lon="-44.963339995389205">
    <ele>920.09</ele>
   </trkpt>
   <trkpt lat="-22.39250000151477" lon="-44.96383999538051">
    <ele>921.59</ele>
   </trkpt>
   <trkpt lat="-22.393140000000002" lon="-44.96434000000001">
    <ele>922.0300000000001</ele>
   </trkpt>
   <trkpt lat="-22.39252" lon="-44.964470000000006">
    <ele>922.0300000000001</ele>
   </trkpt>
   <trkpt lat="-22.391864999986037" lon="-44.96460000062538">
    <ele>921.33</ele>
   </trkpt>
   <trkpt lat="-22.39121" lon="-44.96473">
    <ele>921.48</ele>
   </trkpt>
   <trkpt lat="-22.391335002699776" lon="-44.96566499925494">
    <ele>922.75</ele>
   </trkpt>
   <trkpt lat="-22.391460000000002" lon="-44.96660000000001">
    <ele>924.5300000000001</ele>
   </trkpt>
   <trkpt lat="-22.39099500017746" lon="-44.96667500022494">
    <ele>924.9200000000001</ele>
   </trkpt>
   <trkpt lat="-22.390530000000002" lon="-44.966750000000005">
    <ele>925.1</ele>
   </trkpt>
  </trkseg>
 </trk>
</gpx>
